-0.999,-3.552713678800501e-15,0.
-0.998,0.,0.
-0.997,3.552713678800501e-15,0.
-0.996,0.,0.
-0.995,0.,0.
-0.994,0.,0.
-0.993,0.,0.
-0.992,0.,0.
-0.991,-3.552713678800501e-15,0.
-0.99,-1.7763568394002505e-15,0.
-0.989,1.7763568394002505e-15,0.
-0.988,0.,0.
-0.987,-3.552713678800501e-15,0.
-0.986,0.,0.
-0.985,3.552713678800501e-15,0.
-0.984,1.7763568394002505e-15,0.
-0.983,-1.7763568394002505e-15,0.
-0.982,0.,0.
-0.981,3.552713678800501e-15,0.
-0.98,0.,0.
-0.979,0.,0.
-0.978,0.,0.
-0.977,1.7763568394002505e-15,0.
-0.976,0.,0.
-0.975,0.,0.
-0.974,0.,0.
-0.973,0.,0.
-0.972,0.,0.
-0.971,0.,0.
-0.97,0.,0.
-0.969,0.,0.
-0.968,0.,0.
-0.967,0.,0.
-0.966,0.,0.
-0.965,3.552713678800501e-15,0.
-0.964,0.,0.
-0.963,-1.7763568394002505e-15,0.
-0.962,-1.7763568394002505e-15,0.
-0.961,3.552713678800501e-15,0.
-0.96,1.7763568394002505e-15,0.
-0.959,-1.7763568394002505e-15,0.
-0.958,0.,0.
-0.957,1.7763568394002505e-15,0.
-0.956,0.,0.
-0.955,-3.552713678800501e-15,0.
-0.954,0.,0.
-0.953,0.,0.
-0.952,0.,0.
-0.951,0.,0.
-0.95,0.,0.
-0.949,3.552713678800501e-15,0.
-0.948,0.,0.
-0.947,-3.552713678800501e-15,0.
-0.946,0.,0.
-0.945,1.7763568394002505e-15,0.
-0.944,0.,0.
-0.943,0.,0.
-0.942,0.,0.
-0.941,3.552713678800501e-15,0.
-0.94,0.,0.
-0.9390000000000001,0.,0.
-0.938,0.,0.
-0.937,0.,0.
-0.9359999999999999,0.,0.
-0.935,0.,0.
-0.9339999999999999,0.,0.
-0.933,0.,0.
-0.9319999999999999,-1.7763568394002505e-15,0.
-0.931,1.7763568394002505e-15,0.
-0.9299999999999999,0.,0.
-0.929,0.,0.
-0.9279999999999999,0.,0.
-0.927,0.,0.
-0.926,0.,0.
-0.925,-1.7763568394002505e-15,0.
-0.924,1.7763568394002505e-15,0.
-0.923,0.,0.
-0.922,-1.7763568394002505e-15,0.
-0.921,-1.7763568394002505e-15,0.
-0.92,0.,0.
-0.919,0.,0.
-0.918,-3.552713678800501e-15,0.
-0.917,0.,0.
-0.916,1.7763568394002505e-15,0.
-0.915,0.,0.
-0.914,-1.7763568394002505e-15,0.
-0.913,0.,0.
-0.912,0.,0.
-0.911,0.,0.
-0.91,0.,0.
-0.909,-1.7763568394002505e-15,0.
-0.908,1.7763568394002505e-15,0.
-0.907,0.,0.
-0.906,-3.552713678800501e-15,0.
-0.905,0.,0.
-0.904,3.552713678800501e-15,0.
-0.903,1.7763568394002505e-15,0.
-0.902,-1.7763568394002505e-15,0.
-0.901,0.,0.
-0.9,1.7763568394002505e-15,0.
-0.899,0.,0.
-0.898,0.,0.
-0.897,0.,0.
-0.896,0.,0.
-0.895,0.,0.
-0.894,0.,0.
-0.893,1.7763568394002505e-15,0.
-0.892,0.,0.
-0.891,1.7763568394002505e-15,0.
-0.89,0.,0.
-0.889,0.,0.
-0.888,0.,0.
-0.887,0.,0.
-0.886,0.,0.
-0.885,1.7763568394002505e-15,0.
-0.884,0.,0.
-0.883,0.,0.
-0.882,0.,0.
-0.881,0.,0.
-0.88,0.,0.
-0.879,0.,0.
-0.878,0.,0.
-0.877,0.,0.
-0.876,3.552713678800501e-15,0.
-0.875,0.,0.
-0.874,-1.7763568394002505e-15,0.
-0.873,0.,0.
-0.872,1.7763568394002505e-15,0.
-0.871,0.,0.
-0.87,-3.552713678800501e-15,0.
-0.869,-1.7763568394002505e-15,0.
-0.868,0.,0.
-0.867,0.,0.
-0.866,0.,0.
-0.865,0.,0.
-0.864,3.552713678800501e-15,0.
-0.863,1.7763568394002505e-15,0.
-0.862,-3.552713678800501e-15,0.
-0.861,0.,0.
-0.86,0.,0.
-0.859,1.7763568394002505e-15,0.
-0.858,0.,0.
-0.857,0.,0.
-0.856,3.552713678800501e-15,0.
-0.855,0.,0.
-0.854,-3.552713678800501e-15,0.
-0.853,-1.7763568394002505e-15,0.
-0.852,0.,0.
-0.851,0.,0.
-0.85,-1.7763568394002505e-15,0.
-0.849,0.,0.
-0.848,1.7763568394002505e-15,0.
-0.847,0.,0.
-0.846,0.,0.
-0.845,0.,0.
-0.844,3.552713678800501e-15,0.
-0.843,0.,0.
-0.842,-1.7763568394002505e-15,0.
-0.841,0.,0.
-0.84,3.552713678800501e-15,0.
-0.839,0.,0.
-0.838,-3.552713678800501e-15,0.
-0.837,1.7763568394002505e-15,0.
-0.836,1.7763568394002505e-15,0.
-0.835,0.,0.
-0.834,-3.552713678800501e-15,0.
-0.833,0.,0.
-0.832,1.7763568394002505e-15,0.
-0.831,1.7763568394002505e-15,0.
-0.83,-3.552713678800501e-15,0.
-0.829,0.,0.
-0.828,3.552713678800501e-15,0.
-0.827,0.,0.
-0.826,-3.552713678800501e-15,0.
-0.825,0.,0.
-0.824,3.552713678800501e-15,0.
-0.823,0.,0.
-0.8220000000000001,0.,0.
-0.821,0.,0.
-0.8200000000000001,0.,0.
-0.819,1.7763568394002505e-15,0.
-0.8180000000000001,0.,0.
-0.817,0.,0.
-0.8160000000000001,0.,0.
-0.815,0.,0.
-0.8140000000000001,0.,0.
-0.813,1.7763568394002505e-15,0.
-0.812,0.,0.
-0.8109999999999999,0.,0.
-0.81,1.7763568394002505e-15,0.
-0.8089999999999999,-1.7763568394002505e-15,0.
-0.808,0.,0.
-0.8069999999999999,0.,0.
-0.806,0.,0.
-0.8049999999999999,-1.7763568394002505e-15,0.
-0.804,1.7763568394002505e-15,0.
-0.8029999999999999,0.,0.
-0.802,1.7763568394002505e-15,0.
-0.8009999999999999,-1.7763568394002505e-15,0.
-0.8,0.,0.
-0.7989999999999999,0.,0.
-0.798,0.,0.
-0.7969999999999999,1.7763568394002505e-15,0.
-0.796,0.,0.
-0.7949999999999999,-1.7763568394002505e-15,0.
-0.794,0.,0.
-0.7929999999999999,0.,0.
-0.792,-1.7763568394002505e-15,0.
-0.7909999999999999,1.7763568394002505e-15,0.
-0.79,1.7763568394002505e-15,0.
-0.789,-1.7763568394002505e-15,0.
-0.788,0.,0.
-0.787,1.7763568394002505e-15,0.
-0.786,-1.7763568394002505e-15,0.
-0.785,-1.7763568394002505e-15,0.
-0.784,0.,0.
-0.783,0.,0.
-0.782,0.,0.
-0.781,0.,0.
-0.78,0.,0.
-0.779,3.552713678800501e-15,0.
-0.778,0.,0.
-0.777,-3.552713678800501e-15,0.
-0.776,0.,0.
-0.775,0.,0.
-0.774,0.,0.
-0.773,-1.7763568394002505e-15,0.
-0.772,0.,0.
-0.771,1.7763568394002505e-15,0.
-0.77,-1.7763568394002505e-15,0.
-0.769,0.,0.
-0.768,0.,0.
-0.767,1.7763568394002505e-15,0.
-0.766,1.7763568394002505e-15,0.
-0.765,-3.552713678800501e-15,0.
-0.764,-1.7763568394002505e-15,0.
-0.763,0.,0.
-0.762,0.,0.
-0.761,-1.7763568394002505e-15,0.
-0.76,0.,0.
-0.759,1.7763568394002505e-15,0.
-0.758,0.,0.
-0.757,0.,0.
-0.756,0.,0.
-0.755,1.7763568394002505e-15,0.
-0.754,1.7763568394002505e-15,0.
-0.753,0.,0.
-0.752,1.7763568394002505e-15,0.
-0.751,1.7763568394002505e-15,0.
-0.75,0.,0.
-0.749,0.,0.
-0.748,0.,0.
-0.747,1.7763568394002505e-15,0.
-0.746,1.7763568394002505e-15,0.
-0.745,0.,0.
-0.744,1.7763568394002505e-15,0.
-0.743,1.7763568394002505e-15,0.
-0.742,0.,0.
-0.741,0.,0.
-0.74,0.,0.
-0.739,0.,0.
-0.738,0.,0.
-0.737,-1.7763568394002505e-15,0.
-0.736,0.,0.
-0.735,0.,0.
-0.734,1.7763568394002505e-15,0.
-0.733,-3.552713678800501e-15,0.
-0.732,0.,0.
-0.731,3.552713678800501e-15,0.
-0.73,-1.7763568394002505e-15,0.
-0.729,0.,0.
-0.728,1.7763568394002505e-15,0.
-0.727,0.,0.
-0.726,0.,0.
-0.725,-1.7763568394002505e-15,0.
-0.724,1.7763568394002505e-15,0.
-0.723,1.7763568394002505e-15,0.
-0.722,0.,0.
-0.721,0.,0.
-0.72,1.7763568394002505e-15,0.
-0.719,1.7763568394002505e-15,0.
-0.718,0.,0.
-0.717,-3.552713678800501e-15,0.
-0.716,1.7763568394002505e-15,0.
-0.715,3.552713678800501e-15,0.
-0.714,-1.7763568394002505e-15,0.
-0.713,0.,0.
-0.712,0.,0.
-0.711,0.,0.
-0.71,1.7763568394002505e-15,0.
-0.7090000000000001,1.7763568394002505e-15,0.
-0.708,0.,0.
-0.7070000000000001,0.,0.
-0.706,0.,0.
-0.7050000000000001,-1.7763568394002505e-15,0.
-0.704,0.,0.
-0.7030000000000001,0.,0.
-0.702,0.,0.
-0.7010000000000001,0.,0.
-0.7,1.7763568394002505e-15,0.
-0.6990000000000001,0.,0.
-0.698,1.7763568394002505e-15,0.
-0.6970000000000001,0.,0.
-0.696,0.,0.
-0.6950000000000001,0.,0.
-0.694,0.,0.
-0.6930000000000001,0.,0.
-0.692,1.7763568394002505e-15,0.
-0.6910000000000001,0.,0.
-0.69,1.7763568394002505e-15,0.
-0.6890000000000001,0.,0.
-0.688,0.,0.
-0.687,0.,0.
-0.6859999999999999,0.,0.
-0.685,-1.7763568394002505e-15,0.
-0.6839999999999999,0.,0.
-0.683,0.,0.
-0.6819999999999999,0.,0.
-0.681,1.7763568394002505e-15,0.
-0.6799999999999999,1.7763568394002505e-15,0.
-0.679,-1.7763568394002505e-15,0.
-0.6779999999999999,1.7763568394002505e-15,0.
-0.677,0.,0.
-0.6759999999999999,0.,0.
-0.675,0.,0.
-0.6739999999999999,-1.7763568394002505e-15,0.
-0.673,0.,0.
-0.6719999999999999,0.,0.
-0.671,0.,0.
-0.6699999999999999,-1.7763568394002505e-15,0.
-0.669,1.7763568394002505e-15,0.
-0.6679999999999999,0.,0.
-0.667,1.7763568394002505e-15,0.
-0.6659999999999999,-1.7763568394002505e-15,0.
-0.665,0.,0.
-0.6639999999999999,0.,0.
-0.663,0.,0.
-0.6619999999999999,-1.7763568394002505e-15,0.
-0.661,1.7763568394002505e-15,0.
-0.6599999999999999,0.,0.
-0.659,0.,0.
-0.6579999999999999,1.7763568394002505e-15,0.
-0.657,0.,0.
-0.6559999999999999,-1.7763568394002505e-15,0.
-0.655,-1.7763568394002505e-15,0.
-0.6539999999999999,0.,0.
-0.653,0.,0.
-0.6519999999999999,1.7763568394002505e-15,0.
-0.651,0.,0.
-0.6499999999999999,0.,0.
-0.649,0.,0.
-0.6479999999999999,0.,0.
-0.647,0.,0.
-0.646,0.,0.
-0.645,1.7763568394002505e-15,0.
-0.644,-1.7763568394002505e-15,0.
-0.643,0.,0.
-0.642,1.7763568394002505e-15,0.
-0.641,1.7763568394002505e-15,0.
-0.64,-1.7763568394002505e-15,0.
-0.639,0.,0.
-0.638,0.,0.
-0.637,1.7763568394002505e-15,0.
-0.636,-1.7763568394002505e-15,0.
-0.635,0.,0.
-0.634,1.7763568394002505e-15,0.
-0.633,1.7763568394002505e-15,0.
-0.632,-1.7763568394002505e-15,0.
-0.631,0.,0.
-0.63,1.7763568394002505e-15,0.
-0.629,0.,0.
-0.628,0.,0.
-0.627,0.,0.
-0.626,0.,0.
-0.625,0.,0.
-0.624,-1.7763568394002505e-15,0.
-0.623,-1.7763568394002505e-15,0.
-0.622,1.7763568394002505e-15,0.
-0.621,0.,0.
-0.62,-1.7763568394002505e-15,0.
-0.619,0.,0.
-0.618,1.7763568394002505e-15,0.
-0.617,1.7763568394002505e-15,0.
-0.616,-1.7763568394002505e-15,0.
-0.615,0.,0.
-0.614,3.552713678800501e-15,0.
-0.613,0.,0.
-0.612,-1.7763568394002505e-15,0.
-0.611,1.7763568394002505e-15,0.
-0.61,3.552713678800501e-15,0.
-0.609,1.7763568394002505e-15,0.
-0.608,-1.7763568394002505e-15,0.
-0.607,0.,0.
-0.606,3.552713678800501e-15,0.
-0.605,0.,0.
-0.604,-1.7763568394002505e-15,0.
-0.603,0.,0.
-0.602,1.7763568394002505e-15,0.
-0.601,0.,0.
-0.6,-3.552713678800501e-15,0.
-0.599,-1.7763568394002505e-15,0.
-0.598,1.7763568394002505e-15,0.
-0.597,1.7763568394002505e-15,0.
-0.596,0.,0.
-0.595,0.,0.
-0.594,0.,0.
-0.593,0.,0.
-0.592,-1.7763568394002505e-15,0.
-0.591,0.,0.
-0.59,3.552713678800501e-15,0.
-0.589,0.,0.
-0.588,-3.552713678800501e-15,0.
-0.587,0.,0.
-0.586,1.7763568394002505e-15,0.
-0.585,0.,0.
-0.584,0.,0.
-0.583,0.,0.
-0.5820000000000001,0.,0.
-0.581,0.,0.
-0.5800000000000001,-1.7763568394002505e-15,0.
-0.579,0.,0.
-0.5780000000000001,-1.7763568394002505e-15,0.
-0.577,0.,0.
-0.5760000000000001,0.,0.
-0.575,0.,0.
-0.5740000000000001,0.,0.
-0.573,-1.7763568394002505e-15,0.
-0.5720000000000001,1.7763568394002505e-15,0.
-0.571,0.,0.
-0.5700000000000001,0.,0.
-0.569,1.7763568394002505e-15,0.
-0.5680000000000001,-1.7763568394002505e-15,0.
-0.567,-1.7763568394002505e-15,0.
-0.5660000000000001,1.7763568394002505e-15,0.
-0.565,0.,0.
-0.5640000000000001,0.,0.
-0.563,0.,0.
-0.562,-1.7763568394002505e-15,0.
-0.5609999999999999,0.,0.
-0.56,0.,0.
-0.5589999999999999,0.,0.
-0.558,0.,0.
-0.5569999999999999,1.7763568394002505e-15,0.
-0.556,0.,0.
-0.5549999999999999,1.7763568394002505e-15,0.
-0.554,0.,0.
-0.5529999999999999,0.,0.
-0.552,0.,0.
-0.5509999999999999,0.,0.
-0.55,-1.7763568394002505e-15,0.
-0.5489999999999999,0.,0.
-0.548,0.,0.
-0.5469999999999999,0.,0.
-0.546,1.7763568394002505e-15,0.
-0.5449999999999999,-1.7763568394002505e-15,0.
-0.544,-1.7763568394002505e-15,0.
-0.5429999999999999,-1.7763568394002505e-15,0.
-0.542,0.,0.
-0.5409999999999999,0.,0.
-0.54,1.7763568394002505e-15,0.
-0.5389999999999999,0.,0.
-0.538,0.,0.
-0.5369999999999999,0.,0.
-0.536,0.,0.
-0.5349999999999999,0.,0.
-0.534,-1.7763568394002505e-15,0.
-0.5329999999999999,0.,0.
-0.532,0.,0.
-0.5309999999999999,0.,0.
-0.53,0.,0.
-0.5289999999999999,0.,0.
-0.528,0.,0.
-0.5269999999999999,0.,0.
-0.526,0.,0.
-0.5249999999999999,0.,0.
-0.524,0.,0.
-0.5229999999999999,0.,0.
-0.522,0.,0.
-0.5209999999999999,0.,0.
-0.52,0.,0.
-0.519,-1.7763568394002505e-15,0.
-0.518,-1.7763568394002505e-15,0.
-0.517,0.,0.
-0.516,1.7763568394002505e-15,0.
-0.515,0.,0.
-0.514,0.,0.
-0.513,0.,0.
-0.512,-1.7763568394002505e-15,0.
-0.511,-1.7763568394002505e-15,0.
-0.51,0.,0.
-0.509,1.7763568394002505e-15,0.
-0.508,0.,0.
-0.507,-1.7763568394002505e-15,0.
-0.506,0.,0.
-0.505,1.7763568394002505e-15,0.
-0.504,0.,0.
-0.503,0.,0.
-0.502,0.,0.
-0.501,1.7763568394002505e-15,0.
-0.5,0.,0.
-0.499,-1.7763568394002505e-15,0.
-0.498,0.,0.
-0.497,1.7763568394002505e-15,0.
-0.496,0.,0.
-0.495,0.,0.
-0.494,0.,0.
-0.493,1.7763568394002505e-15,0.
-0.492,0.,0.
-0.491,-3.552713678800501e-15,0.
-0.49,0.,0.
-0.489,0.,0.
-0.488,-1.7763568394002505e-15,0.
-0.487,-1.7763568394002505e-15,0.
-0.486,0.,0.
-0.485,1.7763568394002505e-15,0.
-0.484,1.7763568394002505e-15,0.
-0.483,0.,0.
-0.482,-1.7763568394002505e-15,0.
-0.481,1.7763568394002505e-15,0.
-0.48,0.,0.
-0.479,0.,0.
-0.478,0.,0.
-0.477,1.7763568394002505e-15,0.
-0.476,-1.7763568394002505e-15,0.
-0.475,0.,0.
-0.474,0.,0.
-0.473,1.7763568394002505e-15,0.
-0.472,0.,0.
-0.471,0.,0.
-0.47,0.,0.
-0.469,1.7763568394002505e-15,0.
-0.46799999999999997,-1.7763568394002505e-15,0.
-0.46699999999999997,0.,0.
-0.46599999999999997,-1.7763568394002505e-15,0.
-0.46499999999999997,1.7763568394002505e-15,0.
-0.46399999999999997,0.,0.
-0.46299999999999997,0.,0.
-0.46199999999999997,0.,0.
-0.46099999999999997,1.7763568394002505e-15,0.
-0.45999999999999996,1.7763568394002505e-15,0.
-0.45899999999999996,-1.7763568394002505e-15,0.
-0.45799999999999996,1.7763568394002505e-15,0.
-0.45699999999999996,0.,0.
-0.45599999999999996,-1.7763568394002505e-15,0.
-0.45499999999999996,-1.7763568394002505e-15,0.
-0.45399999999999996,1.7763568394002505e-15,0.
-0.45299999999999996,0.,0.
-0.45199999999999996,0.,0.
-0.45099999999999996,0.,0.
-0.44999999999999996,-1.7763568394002505e-15,0.
-0.44899999999999995,1.7763568394002505e-15,0.
-0.44799999999999995,0.,0.
-0.44699999999999995,-1.7763568394002505e-15,0.
-0.44599999999999995,-1.7763568394002505e-15,0.
-0.44499999999999995,0.,0.
-0.44399999999999995,0.,0.
-0.44299999999999995,-1.7763568394002505e-15,0.
-0.44199999999999995,-1.7763568394002505e-15,0.
-0.44099999999999995,1.7763568394002505e-15,0.
-0.43999999999999995,0.,0.
-0.43899999999999995,-1.7763568394002505e-15,0.
-0.43799999999999994,-1.7763568394002505e-15,0.
-0.43699999999999994,0.,0.
-0.43599999999999994,0.,0.
-0.43499999999999994,0.,0.
-0.43399999999999994,1.7763568394002505e-15,0.
-0.43299999999999994,1.7763568394002505e-15,0.
-0.43199999999999994,-1.7763568394002505e-15,0.
-0.43099999999999994,-1.7763568394002505e-15,0.
-0.42999999999999994,0.,0.
-0.42899999999999994,1.7763568394002505e-15,0.
-0.42799999999999994,1.7763568394002505e-15,0.
-0.42699999999999994,-1.7763568394002505e-15,0.
-0.42599999999999993,0.,0.
-0.42499999999999993,1.7763568394002505e-15,0.
-0.42399999999999993,0.,0.
-0.42299999999999993,-1.7763568394002505e-15,0.
-0.42200000000000004,0.,0.
-0.42100000000000004,0.,0.
-0.42000000000000004,1.7763568394002505e-15,0.
-0.41900000000000004,0.,0.
-0.41800000000000004,-1.7763568394002505e-15,0.
-0.41700000000000004,0.,0.
-0.41600000000000004,1.7763568394002505e-15,0.
-0.41500000000000004,0.,0.
-0.41400000000000003,0.,0.
-0.41300000000000003,0.,0.
-0.41200000000000003,1.7763568394002505e-15,0.
-0.41100000000000003,0.,0.
-0.41000000000000003,-1.7763568394002505e-15,0.
-0.40900000000000003,0.,0.
-0.40800000000000003,0.,0.
-0.40700000000000003,0.,0.
-0.406,-1.7763568394002505e-15,0.
-0.405,0.,0.
-0.404,1.7763568394002505e-15,0.
-0.403,0.,0.
-0.402,0.,0.
-0.401,0.,0.
-0.4,1.7763568394002505e-15,0.
-0.399,0.,0.
-0.398,-1.7763568394002505e-15,0.
-0.397,0.,0.
-0.396,1.7763568394002505e-15,0.
-0.395,0.,0.
-0.394,-1.7763568394002505e-15,0.
-0.393,0.,0.
-0.392,0.,0.
-0.391,0.,0.
-0.39,-1.7763568394002505e-15,0.
-0.389,0.,0.
-0.388,0.,0.
-0.387,0.,0.
-0.386,-1.7763568394002505e-15,0.
-0.385,0.,0.
-0.384,0.,0.
-0.383,0.,0.
-0.382,-1.7763568394002505e-15,0.
-0.381,0.,0.
-0.38,1.7763568394002505e-15,0.
-0.379,0.,0.
-0.378,0.,0.
-0.377,0.,0.
-0.376,0.,0.
-0.375,0.,0.
-0.374,0.,0.
-0.373,0.,0.
-0.372,1.7763568394002505e-15,0.
-0.371,0.,0.
-0.37,-1.7763568394002505e-15,0.
-0.369,0.,0.
-0.368,0.,0.
-0.367,0.,0.
-0.366,-1.7763568394002505e-15,0.
-0.365,0.,0.
-0.364,0.,0.
-0.363,0.,0.
-0.362,-1.7763568394002505e-15,0.
-0.361,0.,0.
-0.36,0.,0.
-0.359,0.,0.
-0.358,-1.7763568394002505e-15,0.
-0.357,0.,0.
-0.356,0.,0.
-0.355,0.,0.
-0.354,-1.7763568394002505e-15,0.
-0.353,0.,0.
-0.352,1.7763568394002505e-15,0.
-0.351,0.,0.
-0.35,0.,0.
-0.349,0.,0.
-0.348,0.,0.
-0.347,0.,0.
-0.346,-1.7763568394002505e-15,0.
-0.345,0.,0.
-0.344,1.7763568394002505e-15,0.
-0.34299999999999997,0.,0.
-0.34199999999999997,0.,0.
-0.34099999999999997,0.,0.
-0.33999999999999997,0.,0.
-0.33899999999999997,0.,0.
-0.33799999999999997,0.,0.
-0.33699999999999997,0.,0.
-0.33599999999999997,0.,0.
-0.33499999999999996,0.,0.
-0.33399999999999996,-1.7763568394002505e-15,0.
-0.33299999999999996,0.,0.
-0.33199999999999996,0.,0.
-0.33099999999999996,0.,0.
-0.32999999999999996,-1.7763568394002505e-15,0.
-0.32899999999999996,0.,0.
-0.32799999999999996,0.,0.
-0.32699999999999996,0.,0.
-0.32599999999999996,0.,0.
-0.32499999999999996,-1.7763568394002505e-15,0.
-0.32399999999999995,1.7763568394002505e-15,0.
-0.32299999999999995,0.,0.
-0.32199999999999995,-1.7763568394002505e-15,0.
-0.32099999999999995,0.,0.
-0.31999999999999995,1.7763568394002505e-15,0.
-0.31899999999999995,0.,0.
-0.31799999999999995,0.,0.
-0.31699999999999995,0.,0.
-0.31599999999999995,0.,0.
-0.31499999999999995,0.,0.
-0.31399999999999995,-1.7763568394002505e-15,0.
-0.31299999999999994,0.,0.
-0.31199999999999994,0.,0.
-0.31099999999999994,0.,0.
-0.30999999999999994,-1.7763568394002505e-15,0.
-0.30899999999999994,0.,0.
-0.30799999999999994,1.7763568394002505e-15,0.
-0.30699999999999994,0.,0.
-0.30599999999999994,0.,0.
-0.30499999999999994,0.,0.
-0.30399999999999994,1.7763568394002505e-15,0.
-0.30299999999999994,0.,0.
-0.30199999999999994,0.,0.
-0.30099999999999993,0.,0.
-0.29999999999999993,0.,0.
-0.29899999999999993,0.,0.
-0.29799999999999993,-1.7763568394002505e-15,0.
-0.29699999999999993,0.,0.
-0.29599999999999993,0.,0.
-0.29500000000000004,1.7763568394002505e-15,0.
-0.29400000000000004,0.,0.
-0.29300000000000004,0.,0.
-0.29200000000000004,0.,0.
-0.29100000000000004,1.7763568394002505e-15,0.
-0.29000000000000004,0.,0.
-0.28900000000000003,-1.7763568394002505e-15,0.
-0.28800000000000003,-1.7763568394002505e-15,0.
-0.28700000000000003,0.,0.
-0.28600000000000003,0.,0.
-0.28500000000000003,0.,0.
-0.28400000000000003,0.,0.
-0.28300000000000003,1.7763568394002505e-15,0.
-0.28200000000000003,0.,0.
-0.281,0.,0.
-0.28,0.,0.
-0.279,1.7763568394002505e-15,0.
-0.278,1.7763568394002505e-15,0.
-0.277,-1.7763568394002505e-15,0.
-0.276,0.,0.
-0.275,0.,0.
-0.274,0.,0.
-0.273,0.,0.
-0.272,0.,0.
-0.271,1.7763568394002505e-15,0.
-0.27,0.,0.
-0.269,-1.7763568394002505e-15,0.
-0.268,0.,0.
-0.267,0.,0.
-0.266,0.,0.
-0.265,-1.7763568394002505e-15,0.
-0.264,0.,0.
-0.263,0.,0.
-0.262,0.,0.
-0.261,0.,0.
-0.26,0.,0.
-0.259,0.,0.
-0.258,0.,0.
-0.257,0.,0.
-0.256,0.,0.
-0.255,0.,0.
-0.254,0.,0.
-0.253,0.,0.
-0.252,0.,0.
-0.251,1.7763568394002505e-15,0.
-0.25,0.,0.
-0.249,0.,0.
-0.248,0.,0.
-0.247,1.7763568394002505e-15,0.
-0.246,0.,0.
-0.245,0.,0.
-0.244,0.,0.
-0.243,0.,0.
-0.242,0.,0.
-0.241,0.,0.
-0.24,0.,0.
-0.239,0.,0.
-0.238,0.,0.
-0.237,-1.7763568394002505e-15,0.
-0.236,0.,0.
-0.235,1.7763568394002505e-15,0.
-0.23399999999999999,0.,0.
-0.23299999999999998,-1.7763568394002505e-15,0.
-0.23199999999999998,0.,0.
-0.23099999999999998,1.7763568394002505e-15,0.
-0.22999999999999998,0.,0.
-0.22899999999999998,0.,0.
-0.22799999999999998,0.,0.
-0.22699999999999998,0.,0.
-0.22599999999999998,0.,0.
-0.22499999999999998,-1.7763568394002505e-15,0.
-0.22399999999999998,0.,0.
-0.22299999999999998,0.,0.
-0.22199999999999998,0.,0.
-0.22099999999999997,-1.7763568394002505e-15,0.
-0.21999999999999997,0.,0.
-0.21899999999999997,0.,0.
-0.21799999999999997,0.,0.
-0.21699999999999997,-1.7763568394002505e-15,0.
-0.21599999999999997,0.,0.
-0.21499999999999997,1.7763568394002505e-15,0.
-0.21399999999999997,0.,0.
-0.21299999999999997,0.,0.
-0.21199999999999997,0.,0.
-0.21099999999999997,0.,0.
-0.20999999999999996,0.,0.
-0.20899999999999996,0.,0.
-0.20799999999999996,0.,0.
-0.20699999999999996,0.,0.
-0.20599999999999996,0.,0.
-0.20499999999999996,-1.7763568394002505e-15,0.
-0.20399999999999996,0.,0.
-0.20299999999999996,1.7763568394002505e-15,0.
-0.20199999999999996,0.,0.
-0.20099999999999996,-1.7763568394002505e-15,0.
-0.19999999999999996,0.,0.
-0.19899999999999995,1.7763568394002505e-15,0.
-0.19799999999999995,0.,0.
-0.19699999999999995,0.,0.
-0.19599999999999995,0.,0.
-0.19499999999999995,1.7763568394002505e-15,0.
-0.19399999999999995,0.,0.
-0.19299999999999995,0.,0.
-0.19199999999999995,0.,0.
-0.19099999999999995,1.7763568394002505e-15,0.
-0.18999999999999995,0.,0.
-0.18899999999999995,-1.7763568394002505e-15,0.
-0.18799999999999994,0.,0.
-0.18699999999999994,1.7763568394002505e-15,0.
-0.18599999999999994,0.,0.
-0.18499999999999994,-1.7763568394002505e-15,0.
-0.18399999999999994,0.,0.
-0.18299999999999994,0.,0.
-0.18199999999999994,0.,0.
-0.18099999999999994,0.,0.
-0.17999999999999994,0.,0.
-0.17899999999999994,0.,0.
-0.17799999999999994,0.,0.
-0.17699999999999994,0.,0.
-0.17599999999999993,0.,0.
-0.17499999999999993,0.,0.
-0.17399999999999993,0.,0.
-0.17299999999999993,-1.7763568394002505e-15,0.
-0.17199999999999993,0.,0.
-0.17099999999999993,1.7763568394002505e-15,0.
-0.16999999999999993,0.,0.
-0.16899999999999993,0.,0.
-0.16799999999999993,0.,0.
-0.16699999999999993,1.7763568394002505e-15,0.
-0.16600000000000004,0.,0.
-0.16500000000000004,0.,0.
-0.16400000000000003,-1.7763568394002505e-15,0.
-0.16300000000000003,0.,0.
-0.16200000000000003,0.,0.
-0.16100000000000003,0.,0.
-0.16000000000000003,0.,0.
-0.15900000000000003,0.,0.
-0.15800000000000003,1.7763568394002505e-15,0.
-0.15700000000000003,0.,0.
-0.15600000000000003,-1.7763568394002505e-15,0.
-0.15500000000000003,0.,0.
-0.15400000000000003,1.7763568394002505e-15,0.
-0.15300000000000002,0.,0.
-0.15200000000000002,0.,0.
-0.15100000000000002,0.,0.
-0.15000000000000002,0.,0.
-0.14900000000000002,0.,0.
-0.14800000000000002,-1.7763568394002505e-15,0.
-0.14700000000000002,0.,0.
-0.14600000000000002,1.7763568394002505e-15,0.
-0.14500000000000002,0.,0.
-0.14400000000000002,0.,0.
-0.14300000000000002,0.,0.
-0.14200000000000002,1.7763568394002505e-15,0.
-0.14100000000000001,0.,0.
-0.14,0.,0.
-0.139,0.,0.
-0.138,1.7763568394002505e-15,0.
-0.137,0.,0.
-0.136,0.,0.
-0.135,0.,0.
-0.134,1.7763568394002505e-15,0.
-0.133,0.,0.
-0.132,0.,0.
-0.131,0.,0.
-0.13,0.,0.
-0.129,0.,0.
-0.128,0.,0.
-0.127,0.,0.
-0.126,0.,0.
-0.125,0.,0.
-0.124,0.,0.
-0.123,0.,0.
-0.122,0.,0.
-0.121,0.,0.
-0.12,-1.7763568394002505e-15,0.
-0.119,0.,0.
-0.118,1.7763568394002505e-15,0.
-0.11699999999999999,0.,0.
-0.11599999999999999,-1.7763568394002505e-15,0.
-0.11499999999999999,0.,0.
-0.11399999999999999,1.7763568394002505e-15,0.
-0.11299999999999999,0.,0.
-0.11199999999999999,-1.7763568394002505e-15,0.
-0.11099999999999999,0.,0.
-0.10999999999999999,1.7763568394002505e-15,0.
-0.10899999999999999,0.,0.
-0.10799999999999998,-1.7763568394002505e-15,0.
-0.10699999999999998,0.,0.
-0.10599999999999998,1.7763568394002505e-15,0.
-0.10499999999999998,0.,0.
-0.10399999999999998,-1.7763568394002505e-15,0.
-0.10299999999999998,0.,0.
-0.10199999999999998,1.7763568394002505e-15,0.
-0.10099999999999998,0.,0.
-0.09999999999999998,-1.7763568394002505e-15,0.
-0.09899999999999998,0.,0.
-0.09799999999999998,0.,0.
-0.09699999999999998,0.,0.
-0.09599999999999997,-1.7763568394002505e-15,0.
-0.09499999999999997,0.,0.
-0.09399999999999997,1.7763568394002505e-15,0.
-0.09299999999999997,0.,0.
-0.09199999999999997,0.,0.
-0.09099999999999997,0.,0.
-0.08999999999999997,1.7763568394002505e-15,0.
-0.08899999999999997,0.,0.
-0.08799999999999997,-1.7763568394002505e-15,0.
-0.08699999999999997,0.,0.
-0.08599999999999997,0.,0.
-0.08499999999999996,0.,0.
-0.08399999999999996,0.,0.
-0.08299999999999996,0.,0.
-0.08199999999999996,1.7763568394002505e-15,0.
-0.08099999999999996,0.,0.
-0.07999999999999996,-1.7763568394002505e-15,0.
-0.07899999999999996,0.,0.
-0.07799999999999996,0.,0.
-0.07699999999999996,0.,0.
-0.07599999999999996,0.,0.
-0.07499999999999996,0.,0.
-0.07399999999999995,1.7763568394002505e-15,0.
-0.07299999999999995,0.,0.
-0.07199999999999995,0.,0.
-0.07099999999999995,0.,0.
-0.06999999999999995,0.,0.
-0.06899999999999995,0.,0.
-0.06799999999999995,-1.7763568394002505e-15,0.
-0.06699999999999995,0.,0.
-0.06599999999999995,0.,0.
-0.06499999999999995,0.,0.
-0.06399999999999995,0.,0.
-0.06299999999999994,0.,0.
-0.061999999999999944,0.,0.
-0.06099999999999994,0.,0.
-0.05999999999999994,0.,0.
-0.05899999999999994,0.,0.
-0.05799999999999994,0.,0.
-0.05699999999999994,0.,0.
-0.05599999999999994,0.,0.
-0.05499999999999994,0.,0.
-0.05399999999999994,0.,0.
-0.052999999999999936,0.,0.
-0.051999999999999935,0.,0.
-0.050999999999999934,0.,0.
-0.04999999999999993,0.,0.
-0.04899999999999993,0.,0.
-0.04799999999999993,0.,0.
-0.04699999999999993,0.,0.
-0.04599999999999993,0.,0.
-0.04499999999999993,0.,0.
-0.04399999999999993,-1.7763568394002505e-15,0.
-0.04299999999999993,0.,0.
-0.041999999999999926,1.7763568394002505e-15,0.
-0.040999999999999925,0.,0.
-0.039999999999999925,-1.7763568394002505e-15,0.
-0.039000000000000035,0.,0.
-0.038000000000000034,0.,0.
-0.03700000000000003,0.,0.
-0.03600000000000003,0.,0.
-0.03500000000000003,-1.7763568394002505e-15,0.
-0.03400000000000003,0.,0.
-0.03300000000000003,0.,0.
-0.03200000000000003,0.,0.
-0.031000000000000028,-1.7763568394002505e-15,0.
-0.030000000000000027,0.,0.
-0.029000000000000026,1.7763568394002505e-15,0.
-0.028000000000000025,0.,0.
-0.027000000000000024,-1.7763568394002505e-15,0.
-0.026000000000000023,0.,0.
-0.025000000000000022,1.7763568394002505e-15,0.
-0.02400000000000002,0.,0.
-0.02300000000000002,-1.7763568394002505e-15,0.
-0.02200000000000002,0.,0.
-0.02100000000000002,0.,0.
-0.020000000000000018,0.,0.
-0.019000000000000017,-1.7763568394002505e-15,0.
-0.018000000000000016,0.,0.
-0.017000000000000015,0.,0.
-0.016000000000000014,0.,0.
-0.015000000000000013,-1.7763568394002505e-15,0.
-0.014000000000000012,0.,0.
-0.013000000000000012,1.7763568394002505e-15,0.
-0.01200000000000001,0.,0.
-0.01100000000000001,0.,0.
-0.010000000000000009,0.,0.
-0.009000000000000008,1.7763568394002505e-15,0.
-0.008000000000000007,0.,0.
-0.007000000000000006,-1.7763568394002505e-15,0.
-0.006000000000000005,0.,0.
-0.0050000000000000044,0.,0.
-0.0040000000000000036,0.,0.
-0.0030000000000000027,-1.7763568394002505e-15,0.
-0.0020000000000000018,0.,0.
-0.0010000000000000009,0.,0.
0.,0.,0.
0.0010000000000000009,0.,0.
0.002000000000000113,-1.7763568394002505e-15,0.
0.0030000000000000027,-1.7763568394002505e-15,0.
0.004000000000000115,0.,0.
0.0050000000000000044,0.,0.
0.006000000000000116,-1.7763568394002505e-15,0.
0.007000000000000006,-1.7763568394002505e-15,0.
0.008000000000000118,1.7763568394002505e-15,0.
0.009000000000000008,1.7763568394002505e-15,0.
0.01000000000000012,-1.7763568394002505e-15,0.
0.01100000000000001,0.,0.
0.012000000000000122,0.,0.
0.013000000000000012,1.7763568394002505e-15,0.
0.014000000000000123,0.,0.
0.015000000000000013,-1.7763568394002505e-15,0.
0.016000000000000125,1.7763568394002505e-15,0.
0.017000000000000015,0.,0.
0.018000000000000127,0.,0.
0.019000000000000017,-1.7763568394002505e-15,0.
0.02000000000000013,0.,0.
0.02100000000000002,0.,0.
0.02200000000000013,-1.7763568394002505e-15,0.
0.02300000000000002,-1.7763568394002505e-15,0.
0.024000000000000132,0.,0.
0.025000000000000022,1.7763568394002505e-15,0.
0.025999999999999912,0.,0.
0.027000000000000024,-1.7763568394002505e-15,0.
0.027999999999999914,-1.7763568394002505e-15,0.
0.029000000000000026,1.7763568394002505e-15,0.
0.029999999999999916,0.,0.
0.031000000000000028,-1.7763568394002505e-15,0.
0.03199999999999992,-1.7763568394002505e-15,0.
0.03300000000000003,0.,0.
0.03399999999999992,0.,0.
0.03500000000000003,-1.7763568394002505e-15,0.
0.03599999999999992,0.,0.
0.03700000000000003,0.,0.
0.03799999999999992,1.7763568394002505e-15,0.
0.039000000000000035,0.,0.
0.039999999999999925,-1.7763568394002505e-15,0.
0.041000000000000036,0.,0.
0.041999999999999926,1.7763568394002505e-15,0.
0.04300000000000004,0.,0.
0.04399999999999993,-1.7763568394002505e-15,0.
0.04500000000000004,0.,0.
0.04599999999999993,0.,0.
0.04700000000000004,-1.7763568394002505e-15,0.
0.04799999999999993,0.,0.
0.049000000000000044,1.7763568394002505e-15,0.
0.04999999999999993,0.,0.
0.051000000000000045,0.,0.
0.051999999999999935,0.,0.
0.05300000000000005,1.7763568394002505e-15,0.
0.05399999999999994,0.,0.
0.05500000000000005,0.,0.
0.05599999999999994,0.,0.
0.05700000000000005,1.7763568394002505e-15,0.
0.05799999999999994,0.,0.
0.05900000000000005,0.,0.
0.05999999999999994,0.,0.
0.061000000000000054,1.7763568394002505e-15,0.
0.061999999999999944,0.,0.
0.06300000000000006,0.,0.
0.06399999999999995,0.,0.
0.06500000000000006,0.,0.
0.06599999999999995,0.,0.
0.06700000000000006,0.,0.
0.06799999999999995,-1.7763568394002505e-15,0.
0.06900000000000006,1.7763568394002505e-15,0.
0.06999999999999995,0.,0.
0.07100000000000006,0.,0.
0.07199999999999995,0.,0.
0.07300000000000006,0.,0.
0.07399999999999995,1.7763568394002505e-15,0.
0.07500000000000007,-1.7763568394002505e-15,0.
0.07599999999999996,0.,0.
0.07700000000000007,1.7763568394002505e-15,0.
0.07799999999999996,0.,0.
0.07900000000000007,-1.7763568394002505e-15,0.
0.07999999999999996,-1.7763568394002505e-15,0.
0.08100000000000007,0.,0.
0.08199999999999996,1.7763568394002505e-15,0.
0.08300000000000007,-1.7763568394002505e-15,0.
0.08399999999999996,0.,0.
0.08500000000000008,0.,0.
0.08599999999999997,0.,0.
0.08700000000000008,-1.7763568394002505e-15,0.
0.08799999999999997,-1.7763568394002505e-15,0.
0.08900000000000008,0.,0.
0.08999999999999997,1.7763568394002505e-15,0.
0.09100000000000008,-1.7763568394002505e-15,0.
0.09199999999999997,0.,0.
0.09300000000000008,0.,0.
0.09399999999999997,1.7763568394002505e-15,0.
0.09500000000000008,-1.7763568394002505e-15,0.
0.09599999999999997,-1.7763568394002505e-15,0.
0.09700000000000009,1.7763568394002505e-15,0.
0.09799999999999998,0.,0.
0.09900000000000009,-1.7763568394002505e-15,0.
0.09999999999999998,-1.7763568394002505e-15,0.
0.10100000000000009,1.7763568394002505e-15,0.
0.10199999999999998,1.7763568394002505e-15,0.
0.10300000000000009,0.,0.
0.10399999999999998,-1.7763568394002505e-15,0.
0.1050000000000001,0.,0.
0.10599999999999998,1.7763568394002505e-15,0.
0.1070000000000001,-1.7763568394002505e-15,0.
0.10799999999999998,-1.7763568394002505e-15,0.
0.1090000000000001,1.7763568394002505e-15,0.
0.10999999999999999,1.7763568394002505e-15,0.
0.1110000000000001,0.,0.
0.11199999999999999,-1.7763568394002505e-15,0.
0.1130000000000001,0.,0.
0.11399999999999999,1.7763568394002505e-15,0.
0.1150000000000001,-1.7763568394002505e-15,0.
0.11599999999999999,-1.7763568394002505e-15,0.
0.1170000000000001,1.7763568394002505e-15,0.
0.118,1.7763568394002505e-15,0.
0.1190000000000001,0.,0.
0.12,-1.7763568394002505e-15,0.
0.12100000000000011,1.7763568394002505e-15,0.
0.122,0.,0.
0.12300000000000011,-1.7763568394002505e-15,0.
0.124,0.,0.
0.1250000000000001,0.,0.
0.126,0.,0.
0.1270000000000001,-1.7763568394002505e-15,0.
0.128,0.,0.
0.12900000000000011,1.7763568394002505e-15,0.
0.13,0.,0.
0.13100000000000012,-1.7763568394002505e-15,0.
0.132,0.,0.
0.13300000000000012,1.7763568394002505e-15,0.
0.134,1.7763568394002505e-15,0.
0.13500000000000012,-1.7763568394002505e-15,0.
0.136,0.,0.
0.13700000000000012,1.7763568394002505e-15,0.
0.138,1.7763568394002505e-15,0.
0.13900000000000012,0.,0.
0.14,0.,0.
0.14100000000000013,1.7763568394002505e-15,0.
0.14200000000000002,1.7763568394002505e-15,0.
0.14300000000000013,-1.7763568394002505e-15,0.
0.14400000000000002,0.,0.
0.14500000000000013,1.7763568394002505e-15,0.
0.14600000000000002,1.7763568394002505e-15,0.
0.14700000000000013,-1.7763568394002505e-15,0.
0.14800000000000002,-1.7763568394002505e-15,0.
0.14900000000000013,1.7763568394002505e-15,0.
0.15000000000000002,0.,0.
0.15100000000000013,-1.7763568394002505e-15,0.
0.15200000000000002,0.,0.
0.15300000000000014,0.,0.
0.15400000000000003,1.7763568394002505e-15,0.
0.15499999999999992,0.,0.
0.15600000000000003,-1.7763568394002505e-15,0.
0.15699999999999992,-1.7763568394002505e-15,0.
0.15800000000000003,1.7763568394002505e-15,0.
0.15899999999999992,0.,0.
0.16000000000000003,0.,0.
0.16099999999999992,0.,0.
0.16200000000000003,0.,0.
0.16299999999999992,1.7763568394002505e-15,0.
0.16400000000000003,-1.7763568394002505e-15,0.
0.16499999999999992,0.,0.
0.16600000000000004,0.,0.
0.16699999999999993,1.7763568394002505e-15,0.
0.16800000000000004,-1.7763568394002505e-15,0.
0.16899999999999993,0.,0.
0.17000000000000004,0.,0.
0.17099999999999993,1.7763568394002505e-15,0.
0.17200000000000004,-1.7763568394002505e-15,0.
0.17299999999999993,-1.7763568394002505e-15,0.
0.17400000000000004,1.7763568394002505e-15,0.
0.17499999999999993,0.,0.
0.17600000000000005,0.,0.
0.17699999999999994,0.,0.
0.17800000000000005,1.7763568394002505e-15,0.
0.17899999999999994,0.,0.
0.18000000000000005,0.,0.
0.18099999999999994,0.,0.
0.18200000000000005,0.,0.
0.18299999999999994,0.,0.
0.18400000000000005,0.,0.
0.18499999999999994,-1.7763568394002505e-15,0.
0.18600000000000005,0.,0.
0.18699999999999994,1.7763568394002505e-15,0.
0.18800000000000006,-1.7763568394002505e-15,0.
0.18899999999999995,-1.7763568394002505e-15,0.
0.19000000000000006,1.7763568394002505e-15,0.
0.19099999999999995,1.7763568394002505e-15,0.
0.19200000000000006,0.,0.
0.19299999999999995,0.,0.
0.19400000000000006,0.,0.
0.19499999999999995,1.7763568394002505e-15,0.
0.19600000000000006,-1.7763568394002505e-15,0.
0.19699999999999995,0.,0.
0.19800000000000006,1.7763568394002505e-15,0.
0.19899999999999995,1.7763568394002505e-15,0.
0.20000000000000007,0.,0.
0.20099999999999996,-1.7763568394002505e-15,0.
0.20200000000000007,0.,0.
0.20299999999999996,1.7763568394002505e-15,0.
0.20400000000000007,0.,0.
0.20499999999999996,-1.7763568394002505e-15,0.
0.20600000000000007,0.,0.
0.20699999999999996,0.,0.
0.20800000000000007,-1.7763568394002505e-15,0.
0.20899999999999996,0.,0.
0.21000000000000008,1.7763568394002505e-15,0.
0.21099999999999997,0.,0.
0.21200000000000008,0.,0.
0.21299999999999997,0.,0.
0.21400000000000008,0.,0.
0.21499999999999997,1.7763568394002505e-15,0.
0.21600000000000008,0.,0.
0.21699999999999997,-1.7763568394002505e-15,0.
0.21800000000000008,1.7763568394002505e-15,0.
0.21899999999999997,0.,0.
0.22000000000000008,0.,0.
0.22099999999999997,-1.7763568394002505e-15,0.
0.2220000000000001,1.7763568394002505e-15,0.
0.22299999999999998,0.,0.
0.2240000000000001,0.,0.
0.22499999999999998,-1.7763568394002505e-15,0.
0.2260000000000001,1.7763568394002505e-15,0.
0.22699999999999998,0.,0.
0.2280000000000001,0.,0.
0.22899999999999998,0.,0.
0.2300000000000001,0.,0.
0.23099999999999998,1.7763568394002505e-15,0.
0.2320000000000001,0.,0.
0.23299999999999998,-1.7763568394002505e-15,0.
0.2340000000000001,1.7763568394002505e-15,0.
0.235,1.7763568394002505e-15,0.
0.2360000000000001,-1.7763568394002505e-15,0.
0.237,-1.7763568394002505e-15,0.
0.2380000000000001,1.7763568394002505e-15,0.
0.239,0.,0.
0.2400000000000001,-1.7763568394002505e-15,0.
0.241,0.,0.
0.2420000000000001,0.,0.
0.243,0.,0.
0.2440000000000001,0.,0.
0.245,0.,0.
0.2460000000000001,1.7763568394002505e-15,0.
0.247,1.7763568394002505e-15,0.
0.2480000000000001,-1.7763568394002505e-15,0.
0.249,0.,0.
0.2500000000000001,0.,0.
0.251,1.7763568394002505e-15,0.
0.2520000000000001,0.,0.
0.253,0.,0.
0.2540000000000001,1.7763568394002505e-15,0.
0.255,0.,0.
0.2560000000000001,-1.7763568394002505e-15,0.
0.257,0.,0.
0.2580000000000001,0.,0.
0.259,0.,0.
0.2600000000000001,0.,0.
0.261,0.,0.
0.2620000000000001,1.7763568394002505e-15,0.
0.263,0.,0.
0.2640000000000001,-1.7763568394002505e-15,0.
0.265,-1.7763568394002505e-15,0.
0.2660000000000001,1.7763568394002505e-15,0.
0.267,0.,0.
0.2680000000000001,-1.7763568394002505e-15,0.
0.269,-1.7763568394002505e-15,0.
0.27000000000000013,1.7763568394002505e-15,0.
0.271,1.7763568394002505e-15,0.
0.27200000000000013,-1.7763568394002505e-15,0.
0.273,0.,0.
0.27400000000000013,1.7763568394002505e-15,0.
0.275,0.,0.
0.27600000000000013,-1.7763568394002505e-15,0.
0.277,-1.7763568394002505e-15,0.
0.27800000000000014,1.7763568394002505e-15,0.
0.279,1.7763568394002505e-15,0.
0.28000000000000014,-1.7763568394002505e-15,0.
0.281,0.,0.
0.2819999999999999,-1.7763568394002505e-15,0.
0.28300000000000003,1.7763568394002505e-15,0.
0.2839999999999999,0.,0.
0.28500000000000003,0.,0.
0.2859999999999999,-1.7763568394002505e-15,0.
0.28700000000000003,0.,0.
0.2879999999999999,0.,0.
0.28900000000000003,-1.7763568394002505e-15,0.
0.2899999999999999,-1.7763568394002505e-15,0.
0.29100000000000004,1.7763568394002505e-15,0.
0.2919999999999999,1.7763568394002505e-15,0.
0.29300000000000004,0.,0.
0.29399999999999993,0.,0.
0.29500000000000004,1.7763568394002505e-15,0.
0.29599999999999993,0.,0.
0.29700000000000004,-1.7763568394002505e-15,0.
0.29799999999999993,-1.7763568394002505e-15,0.
0.29900000000000004,1.7763568394002505e-15,0.
0.29999999999999993,0.,0.
0.30100000000000005,-1.7763568394002505e-15,0.
0.30199999999999994,0.,0.
0.30300000000000005,0.,0.
0.30399999999999994,1.7763568394002505e-15,0.
0.30500000000000005,-1.7763568394002505e-15,0.
0.30599999999999994,0.,0.
0.30700000000000005,0.,0.
0.30799999999999994,1.7763568394002505e-15,0.
0.30900000000000005,-1.7763568394002505e-15,0.
0.30999999999999994,-1.7763568394002505e-15,0.
0.31100000000000005,0.,0.
0.31199999999999994,0.,0.
0.31300000000000006,-1.7763568394002505e-15,0.
0.31399999999999995,-1.7763568394002505e-15,0.
0.31500000000000006,1.7763568394002505e-15,0.
0.31599999999999995,0.,0.
0.31700000000000006,0.,0.
0.31799999999999995,0.,0.
0.31900000000000006,0.,0.
0.31999999999999995,1.7763568394002505e-15,0.
0.32100000000000006,-1.7763568394002505e-15,0.
0.32199999999999995,-1.7763568394002505e-15,0.
0.32300000000000006,1.7763568394002505e-15,0.
0.32399999999999995,1.7763568394002505e-15,0.
0.32500000000000007,0.,0.
0.32599999999999996,0.,0.
0.32700000000000007,0.,0.
0.32799999999999996,0.,0.
0.32900000000000007,0.,0.
0.32999999999999996,-1.7763568394002505e-15,0.
0.33100000000000007,0.,0.
0.33199999999999996,0.,0.
0.3330000000000001,-1.7763568394002505e-15,0.
0.33399999999999996,-1.7763568394002505e-15,0.
0.3350000000000001,0.,0.
0.33599999999999997,0.,0.
0.3370000000000001,0.,0.
0.33799999999999997,0.,0.
0.3390000000000001,1.7763568394002505e-15,0.
0.33999999999999997,0.,0.
0.3410000000000001,-1.7763568394002505e-15,0.
0.34199999999999997,0.,0.
0.3430000000000001,1.7763568394002505e-15,0.
0.344,1.7763568394002505e-15,0.
0.3450000000000001,0.,0.
0.346,-1.7763568394002505e-15,0.
0.3470000000000001,0.,0.
0.348,0.,0.
0.3490000000000001,0.,0.
0.35,0.,0.
0.3510000000000001,1.7763568394002505e-15,0.
0.352,1.7763568394002505e-15,0.
0.3530000000000001,-1.7763568394002505e-15,0.
0.354,-1.7763568394002505e-15,0.
0.3550000000000001,1.7763568394002505e-15,0.
0.356,0.,0.
0.3570000000000001,0.,0.
0.358,-1.7763568394002505e-15,0.
0.3590000000000001,0.,0.
0.36,0.,0.
0.3610000000000001,0.,0.
0.362,-1.7763568394002505e-15,0.
0.3630000000000001,0.,0.
0.364,0.,0.
0.3650000000000001,0.,0.
0.366,-1.7763568394002505e-15,0.
0.3670000000000001,1.7763568394002505e-15,0.
0.368,0.,0.
0.3690000000000001,-1.7763568394002505e-15,0.
0.37,-1.7763568394002505e-15,0.
0.3710000000000001,1.7763568394002505e-15,0.
0.372,1.7763568394002505e-15,0.
0.3730000000000001,0.,0.
0.374,0.,0.
0.3750000000000001,0.,0.
0.376,0.,0.
0.3770000000000001,0.,0.
0.378,0.,0.
0.3790000000000001,1.7763568394002505e-15,0.
0.38,1.7763568394002505e-15,0.
0.3810000000000001,-1.7763568394002505e-15,0.
0.382,-1.7763568394002505e-15,0.
0.3830000000000001,1.7763568394002505e-15,0.
0.384,0.,0.
0.3850000000000001,-1.7763568394002505e-15,0.
0.386,-1.7763568394002505e-15,0.
0.3870000000000001,0.,0.
0.388,0.,0.
0.3890000000000001,-1.7763568394002505e-15,0.
0.39,-1.7763568394002505e-15,0.
0.3910000000000001,0.,0.
0.392,0.,0.
0.3930000000000001,-1.7763568394002505e-15,0.
0.394,-1.7763568394002505e-15,0.
0.39500000000000013,0.,0.
0.396,1.7763568394002505e-15,0.
0.39700000000000013,-1.7763568394002505e-15,0.
0.398,-1.7763568394002505e-15,0.
0.39900000000000013,1.7763568394002505e-15,0.
0.4,1.7763568394002505e-15,0.
0.40100000000000013,0.,0.
0.402,0.,0.
0.40300000000000014,0.,0.
0.404,1.7763568394002505e-15,0.
0.40500000000000014,-1.7763568394002505e-15,0.
0.406,-1.7763568394002505e-15,0.
0.40700000000000014,1.7763568394002505e-15,0.
0.40800000000000003,0.,0.
0.4089999999999999,1.7763568394002505e-15,0.
0.41000000000000003,-1.7763568394002505e-15,0.
0.4109999999999999,-1.7763568394002505e-15,0.
0.41200000000000003,1.7763568394002505e-15,0.
0.4129999999999999,1.7763568394002505e-15,0.
0.41400000000000003,0.,0.
0.4149999999999999,-1.7763568394002505e-15,0.
0.41600000000000004,1.7763568394002505e-15,0.
0.4169999999999999,0.,0.
0.41800000000000004,-1.7763568394002505e-15,0.
0.41899999999999993,-1.7763568394002505e-15,0.
0.42000000000000004,1.7763568394002505e-15,0.
0.42099999999999993,1.7763568394002505e-15,0.
0.42200000000000004,0.,0.
0.42299999999999993,-1.7763568394002505e-15,0.
0.42400000000000004,0.,0.
0.42499999999999993,1.7763568394002505e-15,0.
0.42600000000000005,-1.7763568394002505e-15,0.
0.42699999999999994,-1.7763568394002505e-15,0.
0.42800000000000005,1.7763568394002505e-15,0.
0.42899999999999994,1.7763568394002505e-15,0.
0.43000000000000005,-1.7763568394002505e-15,0.
0.43099999999999994,-1.7763568394002505e-15,0.
0.43200000000000005,1.7763568394002505e-15,0.
0.43299999999999994,1.7763568394002505e-15,0.
0.43400000000000005,-1.7763568394002505e-15,0.
0.43499999999999994,0.,0.
0.43600000000000005,0.,0.
0.43699999999999994,0.,0.
0.43800000000000006,0.,0.
0.43899999999999995,-1.7763568394002505e-15,0.
0.44000000000000006,0.,0.
0.44099999999999995,1.7763568394002505e-15,0.
0.44200000000000006,0.,0.
0.44299999999999995,-1.7763568394002505e-15,0.
0.44400000000000006,0.,0.
0.44499999999999995,0.,0.
0.44600000000000006,0.,0.
0.44699999999999995,-1.7763568394002505e-15,0.
0.44800000000000006,0.,0.
0.44899999999999995,1.7763568394002505e-15,0.
0.45000000000000007,0.,0.
0.45099999999999996,0.,0.
0.45200000000000007,0.,0.
0.45299999999999996,0.,0.
0.45400000000000007,0.,0.
0.45499999999999996,-1.7763568394002505e-15,0.
0.45600000000000007,1.7763568394002505e-15,0.
0.45699999999999996,0.,0.
0.4580000000000001,-1.7763568394002505e-15,0.
0.45899999999999996,-1.7763568394002505e-15,0.
0.4600000000000001,1.7763568394002505e-15,0.
0.46099999999999997,1.7763568394002505e-15,0.
0.4620000000000001,-1.7763568394002505e-15,0.
0.46299999999999997,0.,0.
0.4640000000000001,1.7763568394002505e-15,0.
0.46499999999999997,1.7763568394002505e-15,0.
0.4660000000000001,0.,0.
0.46699999999999997,0.,0.
0.4680000000000001,1.7763568394002505e-15,0.
0.469,1.7763568394002505e-15,0.
0.4700000000000001,-1.7763568394002505e-15,0.
0.471,0.,0.
0.4720000000000001,1.7763568394002505e-15,0.
0.473,1.7763568394002505e-15,0.
0.4740000000000001,0.,0.
0.475,0.,0.
0.4760000000000001,0.,0.
0.477,1.7763568394002505e-15,0.
0.4780000000000001,-1.7763568394002505e-15,0.
0.479,0.,0.
0.4800000000000001,1.7763568394002505e-15,0.
0.481,1.7763568394002505e-15,0.
0.4820000000000001,0.,0.
0.483,0.,0.
0.4840000000000001,1.7763568394002505e-15,0.
0.485,1.7763568394002505e-15,0.
0.4860000000000001,0.,0.
0.487,-1.7763568394002505e-15,0.
0.4880000000000001,1.7763568394002505e-15,0.
0.489,0.,0.
0.4900000000000001,-3.552713678800501e-15,0.
0.491,-3.552713678800501e-15,0.
0.4920000000000001,0.,0.
0.493,1.7763568394002505e-15,0.
0.4940000000000001,-1.7763568394002505e-15,0.
0.495,0.,0.
0.4960000000000001,0.,0.
0.497,1.7763568394002505e-15,0.
0.4980000000000001,-1.7763568394002505e-15,0.
0.499,-1.7763568394002505e-15,0.
0.5000000000000001,0.,0.
0.501,1.7763568394002505e-15,0.
0.5020000000000001,-1.7763568394002505e-15,0.
0.503,0.,0.
0.5040000000000001,0.,0.
0.505,1.7763568394002505e-15,0.
0.5060000000000001,-1.7763568394002505e-15,0.
0.507,-1.7763568394002505e-15,0.
0.5080000000000001,0.,0.
0.509,1.7763568394002505e-15,0.
0.5100000000000001,-3.552713678800501e-15,0.
0.511,-1.7763568394002505e-15,0.
0.5120000000000001,1.7763568394002505e-15,0.
0.513,0.,0.
0.5140000000000001,-1.7763568394002505e-15,0.
0.515,0.,0.
0.5160000000000001,1.7763568394002505e-15,0.
0.517,0.,0.
0.5180000000000001,0.,0.
0.519,-1.7763568394002505e-15,0.
0.5200000000000001,1.7763568394002505e-15,0.
0.521,1.7763568394002505e-15,0.
0.5220000000000001,-1.7763568394002505e-15,0.
0.523,-3.552713678800501e-15,0.
0.5240000000000001,1.7763568394002505e-15,0.
0.525,1.7763568394002505e-15,0.
0.5260000000000001,0.,0.
0.527,-3.552713678800501e-15,0.
0.5280000000000001,1.7763568394002505e-15,0.
0.529,1.7763568394002505e-15,0.
0.5300000000000001,-1.7763568394002505e-15,0.
0.531,-3.552713678800501e-15,0.
0.5320000000000001,1.7763568394002505e-15,0.
0.533,1.7763568394002505e-15,0.
0.5340000000000001,0.,0.
0.535,-1.7763568394002505e-15,0.
0.5360000000000001,1.7763568394002505e-15,0.
0.537,1.7763568394002505e-15,0.
0.5379999999999999,3.552713678800501e-15,0.
0.539,0.,0.
0.5399999999999999,-1.7763568394002505e-15,0.
0.541,0.,0.
0.5419999999999999,0.,0.
0.543,0.,0.
0.5439999999999999,-1.7763568394002505e-15,0.
0.545,1.7763568394002505e-15,0.
0.5459999999999999,0.,0.
0.547,-1.7763568394002505e-15,0.
0.5479999999999999,-1.7763568394002505e-15,0.
0.549,1.7763568394002505e-15,0.
0.5499999999999999,1.7763568394002505e-15,0.
0.551,-1.7763568394002505e-15,0.
0.5519999999999999,-1.7763568394002505e-15,0.
0.553,0.,0.
0.5539999999999999,1.7763568394002505e-15,0.
0.555,-1.7763568394002505e-15,0.
0.5559999999999999,-1.7763568394002505e-15,0.
0.557,1.7763568394002505e-15,0.
0.5579999999999999,1.7763568394002505e-15,0.
0.559,-1.7763568394002505e-15,0.
0.5599999999999999,-1.7763568394002505e-15,0.
0.561,0.,0.
0.5619999999999999,1.7763568394002505e-15,0.
0.5630000000000001,-1.7763568394002505e-15,0.
0.564,-1.7763568394002505e-15,0.
0.5650000000000001,1.7763568394002505e-15,0.
0.566,0.,0.
0.5670000000000001,0.,0.
0.568,-1.7763568394002505e-15,0.
0.5690000000000001,3.552713678800501e-15,0.
0.57,1.7763568394002505e-15,0.
0.5710000000000001,-1.7763568394002505e-15,0.
0.572,-1.7763568394002505e-15,0.
0.5730000000000001,1.7763568394002505e-15,0.
0.574,1.7763568394002505e-15,0.
0.5750000000000001,-3.552713678800501e-15,0.
0.576,0.,0.
0.5770000000000001,0.,0.
0.578,0.,0.
0.5790000000000001,-1.7763568394002505e-15,0.
0.58,-1.7763568394002505e-15,0.
0.5810000000000001,0.,0.
0.582,1.7763568394002505e-15,0.
0.5830000000000001,-1.7763568394002505e-15,0.
0.584,0.,0.
0.5850000000000001,0.,0.
0.586,1.7763568394002505e-15,0.
0.5870000000000001,-1.7763568394002505e-15,0.
0.588,-3.552713678800501e-15,0.
0.5890000000000001,0.,0.
0.59,3.552713678800501e-15,0.
0.5910000000000001,-1.7763568394002505e-15,0.
0.592,-1.7763568394002505e-15,0.
0.5930000000000001,0.,0.
0.594,0.,0.
0.5950000000000001,-1.7763568394002505e-15,0.
0.596,0.,0.
0.5970000000000001,3.552713678800501e-15,0.
0.598,1.7763568394002505e-15,0.
0.5990000000000001,0.,0.
0.6,-3.552713678800501e-15,0.
0.6010000000000001,1.7763568394002505e-15,0.
0.602,1.7763568394002505e-15,0.
0.6030000000000001,-1.7763568394002505e-15,0.
0.604,-1.7763568394002505e-15,0.
0.6050000000000001,0.,0.
0.606,3.552713678800501e-15,0.
0.6070000000000001,-3.552713678800501e-15,0.
0.608,-1.7763568394002505e-15,0.
0.6090000000000001,3.552713678800501e-15,0.
0.61,3.552713678800501e-15,0.
0.6110000000000001,0.,0.
0.612,-1.7763568394002505e-15,0.
0.6130000000000001,0.,0.
0.614,3.552713678800501e-15,0.
0.6150000000000001,-3.552713678800501e-15,0.
0.616,-1.7763568394002505e-15,0.
0.6170000000000001,1.7763568394002505e-15,0.
0.618,1.7763568394002505e-15,0.
0.6190000000000001,-1.7763568394002505e-15,0.
0.62,-1.7763568394002505e-15,0.
0.6210000000000001,0.,0.
0.622,1.7763568394002505e-15,0.
0.6230000000000001,0.,0.
0.624,-1.7763568394002505e-15,0.
0.6250000000000001,1.7763568394002505e-15,0.
0.626,0.,0.
0.6270000000000001,-1.7763568394002505e-15,0.
0.628,0.,0.
0.6290000000000001,1.7763568394002505e-15,0.
0.63,1.7763568394002505e-15,0.
0.6310000000000001,-1.7763568394002505e-15,0.
0.632,-1.7763568394002505e-15,0.
0.6330000000000001,1.7763568394002505e-15,0.
0.634,1.7763568394002505e-15,0.
0.6350000000000001,-1.7763568394002505e-15,0.
0.636,-1.7763568394002505e-15,0.
0.6370000000000001,3.552713678800501e-15,0.
0.638,0.,0.
0.6390000000000001,-1.7763568394002505e-15,0.
0.64,-1.7763568394002505e-15,0.
0.6410000000000001,3.552713678800501e-15,0.
0.642,1.7763568394002505e-15,0.
0.6430000000000001,-1.7763568394002505e-15,0.
0.644,-1.7763568394002505e-15,0.
0.6450000000000001,1.7763568394002505e-15,0.
0.646,0.,0.
0.6470000000000001,-1.7763568394002505e-15,0.
0.648,-1.7763568394002505e-15,0.
0.6490000000000001,1.7763568394002505e-15,0.
0.65,1.7763568394002505e-15,0.
0.6510000000000001,-3.552713678800501e-15,0.
0.652,0.,0.
0.6530000000000001,1.7763568394002505e-15,0.
0.654,1.7763568394002505e-15,0.
0.6550000000000001,0.,0.
0.656,0.,0.
0.6570000000000001,0.,0.
0.658,3.552713678800501e-15,0.
0.6590000000000001,-1.7763568394002505e-15,0.
0.66,-1.7763568394002505e-15,0.
0.6610000000000001,1.7763568394002505e-15,0.
0.662,1.7763568394002505e-15,0.
0.6630000000000001,-3.552713678800501e-15,0.
0.664,-3.552713678800501e-15,0.
0.6650000000000001,0.,0.
0.666,1.7763568394002505e-15,0.
0.6669999999999999,0.,0.
0.668,-3.552713678800501e-15,0.
0.6689999999999999,-1.7763568394002505e-15,0.
0.67,1.7763568394002505e-15,0.
0.6709999999999999,1.7763568394002505e-15,0.
0.672,-1.7763568394002505e-15,0.
0.6729999999999999,-1.7763568394002505e-15,0.
0.674,1.7763568394002505e-15,0.
0.6749999999999999,1.7763568394002505e-15,0.
0.676,-1.7763568394002505e-15,0.
0.6769999999999999,0.,0.
0.678,1.7763568394002505e-15,0.
0.6789999999999999,0.,0.
0.68,0.,0.
0.6809999999999999,-1.7763568394002505e-15,0.
0.682,1.7763568394002505e-15,0.
0.6829999999999999,1.7763568394002505e-15,0.
0.684,-1.7763568394002505e-15,0.
0.6849999999999999,-1.7763568394002505e-15,0.
0.686,0.,0.
0.6869999999999999,1.7763568394002505e-15,0.
0.6880000000000001,-3.552713678800501e-15,0.
0.689,-1.7763568394002505e-15,0.
0.6900000000000001,3.552713678800501e-15,0.
0.691,3.552713678800501e-15,0.
0.6920000000000001,0.,0.
0.693,-1.7763568394002505e-15,0.
0.6940000000000001,0.,0.
0.695,3.552713678800501e-15,0.
0.6960000000000001,-3.552713678800501e-15,0.
0.697,-1.7763568394002505e-15,0.
0.6980000000000001,3.552713678800501e-15,0.
0.699,3.552713678800501e-15,0.
0.7000000000000001,0.,0.
0.701,-1.7763568394002505e-15,0.
0.7020000000000001,0.,0.
0.703,1.7763568394002505e-15,0.
0.7040000000000001,-1.7763568394002505e-15,0.
0.705,-3.552713678800501e-15,0.
0.7060000000000001,1.7763568394002505e-15,0.
0.707,1.7763568394002505e-15,0.
0.7080000000000001,-1.7763568394002505e-15,0.
0.709,-1.7763568394002505e-15,0.
0.7100000000000001,3.552713678800501e-15,0.
0.711,0.,0.
0.7120000000000001,-1.7763568394002505e-15,0.
0.713,0.,0.
0.7140000000000001,1.7763568394002505e-15,0.
0.715,3.552713678800501e-15,0.
0.7160000000000001,0.,0.
0.717,-3.552713678800501e-15,0.
0.7180000000000001,0.,0.
0.719,1.7763568394002505e-15,0.
0.7200000000000001,0.,0.
0.721,0.,0.
0.7220000000000001,0.,0.
0.723,1.7763568394002505e-15,0.
0.7240000000000001,0.,0.
0.725,-1.7763568394002505e-15,0.
0.7260000000000001,0.,0.
0.727,0.,0.
0.7280000000000001,0.,0.
0.729,0.,0.
0.7300000000000001,1.7763568394002505e-15,0.
0.731,3.552713678800501e-15,0.
0.7320000000000001,0.,0.
0.733,-3.552713678800501e-15,0.
0.7340000000000001,3.552713678800501e-15,0.
0.735,0.,0.
0.7360000000000001,-1.7763568394002505e-15,0.
0.737,-1.7763568394002505e-15,0.
0.7380000000000001,1.7763568394002505e-15,0.
0.739,0.,0.
0.7400000000000001,-3.552713678800501e-15,0.
0.741,0.,0.
0.7420000000000001,0.,0.
0.743,1.7763568394002505e-15,0.
0.7440000000000001,0.,0.
0.745,0.,0.
0.7460000000000001,3.552713678800501e-15,0.
0.747,1.7763568394002505e-15,0.
0.7480000000000001,-3.552713678800501e-15,0.
0.749,0.,0.
0.7500000000000001,1.7763568394002505e-15,0.
0.751,1.7763568394002505e-15,0.
0.7520000000000001,0.,0.
0.753,0.,0.
0.7540000000000001,3.552713678800501e-15,0.
0.755,1.7763568394002505e-15,0.
0.7560000000000001,-3.552713678800501e-15,0.
0.757,0.,0.
0.7580000000000001,0.,0.
0.759,1.7763568394002505e-15,0.
0.7600000000000001,0.,0.
0.761,-1.7763568394002505e-15,0.
0.7620000000000001,1.7763568394002505e-15,0.
0.763,0.,0.
0.7640000000000001,0.,0.
0.765,-3.552713678800501e-15,0.
0.7660000000000001,3.552713678800501e-15,0.
0.767,1.7763568394002505e-15,0.
0.7680000000000001,-3.552713678800501e-15,0.
0.769,0.,0.
0.7700000000000001,1.7763568394002505e-15,0.
0.771,1.7763568394002505e-15,0.
0.7720000000000001,-3.552713678800501e-15,0.
0.773,-1.7763568394002505e-15,0.
0.7740000000000001,0.,0.
0.775,0.,0.
0.7760000000000001,-3.552713678800501e-15,0.
0.777,-3.552713678800501e-15,0.
0.7780000000000001,0.,0.
0.779,3.552713678800501e-15,0.
0.7800000000000001,-3.552713678800501e-15,0.
0.781,0.,0.
0.7820000000000001,0.,0.
0.783,0.,0.
0.7840000000000001,-3.552713678800501e-15,0.
0.785,-1.7763568394002505e-15,0.
0.7860000000000001,1.7763568394002505e-15,0.
0.787,1.7763568394002505e-15,0.
0.7880000000000001,-3.552713678800501e-15,0.
0.789,-1.7763568394002505e-15,0.
0.7900000000000001,3.552713678800501e-15,0.
0.791,3.552713678800501e-15,0.
0.7920000000000001,0.,0.
0.793,0.,0.
0.7939999999999999,0.,0.
0.795,0.,0.
0.7959999999999999,3.552713678800501e-15,0.
0.797,0.,0.
0.7979999999999999,-1.7763568394002505e-15,0.
0.799,0.,0.
0.7999999999999999,1.7763568394002505e-15,0.
0.801,0.,0.
0.8019999999999999,-1.7763568394002505e-15,0.
0.803,0.,0.
0.8039999999999999,0.,0.
0.805,-1.7763568394002505e-15,0.
0.8059999999999999,-1.7763568394002505e-15,0.
0.807,0.,0.
0.8079999999999999,1.7763568394002505e-15,0.
0.809,0.,0.
0.8099999999999999,0.,0.
0.811,0.,0.
0.8119999999999999,1.7763568394002505e-15,0.
0.8130000000000001,0.,0.
0.814,-1.7763568394002505e-15,0.
0.8150000000000001,0.,0.
0.816,0.,0.
0.8170000000000001,0.,0.
0.818,0.,0.
0.8190000000000001,3.552713678800501e-15,0.
0.82,1.7763568394002505e-15,0.
0.8210000000000001,-1.7763568394002505e-15,0.
0.822,0.,0.
0.8230000000000001,1.7763568394002505e-15,0.
0.824,3.552713678800501e-15,0.
0.8250000000000001,-3.552713678800501e-15,0.
0.826,-3.552713678800501e-15,0.
0.8270000000000001,0.,0.
0.828,3.552713678800501e-15,0.
0.8290000000000001,0.,0.
0.83,-3.552713678800501e-15,0.
0.8310000000000001,3.552713678800501e-15,0.
0.832,1.7763568394002505e-15,0.
0.8330000000000001,-3.552713678800501e-15,0.
0.834,-3.552713678800501e-15,0.
0.8350000000000001,0.,0.
0.836,1.7763568394002505e-15,0.
0.8370000000000001,0.,0.
0.838,-3.552713678800501e-15,0.
0.8390000000000001,3.552713678800501e-15,0.
0.84,3.552713678800501e-15,0.
0.8410000000000001,-3.552713678800501e-15,0.
0.842,-1.7763568394002505e-15,0.
0.8430000000000001,0.,0.
0.844,3.552713678800501e-15,0.
0.8450000000000001,-1.7763568394002505e-15,0.
0.846,0.,0.
0.8470000000000001,1.7763568394002505e-15,0.
0.848,1.7763568394002505e-15,0.
0.8490000000000001,0.,0.
0.85,-1.7763568394002505e-15,0.
0.8510000000000001,3.552713678800501e-15,0.
0.852,0.,0.
0.8530000000000001,0.,0.
0.854,-3.552713678800501e-15,0.
0.8550000000000001,3.552713678800501e-15,0.
0.856,3.552713678800501e-15,0.
0.8570000000000001,-3.552713678800501e-15,0.
0.858,0.,0.
0.8590000000000001,3.552713678800501e-15,0.
0.86,0.,0.
0.8610000000000001,-3.552713678800501e-15,0.
0.862,-3.552713678800501e-15,0.
0.8630000000000001,3.552713678800501e-15,0.
0.864,3.552713678800501e-15,0.
0.8650000000000001,-3.552713678800501e-15,0.
0.866,0.,0.
0.8670000000000001,3.552713678800501e-15,0.
0.868,0.,0.
0.8690000000000001,0.,0.
0.87,-3.552713678800501e-15,0.
0.8710000000000001,3.552713678800501e-15,0.
0.872,1.7763568394002505e-15,0.
0.8730000000000001,0.,0.
0.874,-1.7763568394002505e-15,0.
0.8750000000000001,1.7763568394002505e-15,0.
0.876,3.552713678800501e-15,0.
0.8770000000000001,-1.7763568394002505e-15,0.
0.878,0.,0.
0.8790000000000001,0.,0.
0.88,0.,0.
0.8810000000000001,-3.552713678800501e-15,0.
0.882,0.,0.
0.8830000000000001,3.552713678800501e-15,0.
0.884,0.,0.
0.8850000000000001,0.,0.
0.886,0.,0.
0.8870000000000001,0.,0.
0.888,0.,0.
0.8890000000000001,-1.7763568394002505e-15,0.
0.89,0.,0.
0.8910000000000001,3.552713678800501e-15,0.
0.892,0.,0.
0.8930000000000001,0.,0.
0.894,0.,0.
0.8950000000000001,0.,0.
0.896,0.,0.
0.8970000000000001,-3.552713678800501e-15,0.
0.898,0.,0.
0.8990000000000001,3.552713678800501e-15,0.
0.9,1.7763568394002505e-15,0.
0.9010000000000001,-1.7763568394002505e-15,0.
0.902,-1.7763568394002505e-15,0.
0.9030000000000001,3.552713678800501e-15,0.
0.904,3.552713678800501e-15,0.
0.9050000000000001,0.,0.
0.906,-3.552713678800501e-15,0.
0.9070000000000001,0.,0.
0.908,1.7763568394002505e-15,0.
0.9090000000000001,0.,0.
0.91,0.,0.
0.9110000000000001,0.,0.
0.912,0.,0.
0.9130000000000001,-3.552713678800501e-15,0.
0.914,-1.7763568394002505e-15,0.
0.9150000000000001,0.,0.
0.916,1.7763568394002505e-15,0.
0.9170000000000001,-3.552713678800501e-15,0.
0.918,-3.552713678800501e-15,0.
0.9190000000000002,0.,0.
0.92,0.,0.
0.9209999999999999,0.,0.
0.922,-1.7763568394002505e-15,0.
0.9229999999999999,-3.552713678800501e-15,0.
0.924,1.7763568394002505e-15,0.
0.9249999999999999,0.,0.
0.926,0.,0.
0.9269999999999999,-3.552713678800501e-15,0.
0.928,3.552713678800501e-15,0.
0.9289999999999999,3.552713678800501e-15,0.
0.93,-3.552713678800501e-15,0.
0.9309999999999999,0.,0.
0.932,0.,0.
0.9329999999999999,1.7763568394002505e-15,0.
0.934,-1.7763568394002505e-15,0.
0.9349999999999999,0.,0.
0.936,0.,0.
0.9369999999999999,0.,0.
0.9380000000000001,-1.7763568394002505e-15,0.
0.939,-3.552713678800501e-15,0.
0.9400000000000001,1.7763568394002505e-15,0.
0.941,3.552713678800501e-15,0.
0.9420000000000001,0.,0.
0.943,0.,0.
0.9440000000000001,1.7763568394002505e-15,0.
0.945,1.7763568394002505e-15,0.
0.9460000000000001,0.,0.
0.947,-3.552713678800501e-15,0.
0.9480000000000001,1.7763568394002505e-15,0.
0.949,3.552713678800501e-15,0.
0.9500000000000001,-1.7763568394002505e-15,0.
0.951,0.,0.
0.9520000000000001,0.,0.
0.953,0.,0.
0.9540000000000001,-1.7763568394002505e-15,0.
0.955,-3.552713678800501e-15,0.
0.9560000000000001,0.,0.
0.957,1.7763568394002505e-15,0.
0.9580000000000001,-3.552713678800501e-15,0.
0.959,-1.7763568394002505e-15,0.
0.9600000000000001,3.552713678800501e-15,0.
0.961,3.552713678800501e-15,0.
0.9620000000000001,0.,0.
0.963,-1.7763568394002505e-15,0.
0.9640000000000001,1.7763568394002505e-15,0.
0.965,3.552713678800501e-15,0.
0.9660000000000001,0.,0.
0.967,0.,0.
0.9680000000000001,0.,0.
0.969,0.,0.
0.9700000000000001,-3.552713678800501e-15,0.
0.971,0.,0.
0.9720000000000001,3.552713678800501e-15,0.
0.973,0.,0.
0.9740000000000001,0.,0.
0.975,0.,0.
0.9760000000000001,0.,0.
0.977,1.7763568394002505e-15,0.
0.9780000000000001,-3.552713678800501e-15,0.
0.979,0.,0.
0.9800000000000001,1.7763568394002505e-15,0.
0.981,3.552713678800501e-15,0.
0.9820000000000001,-1.7763568394002505e-15,0.
0.983,-1.7763568394002505e-15,0.
0.9840000000000001,3.552713678800501e-15,0.
0.985,3.552713678800501e-15,0.
0.9860000000000001,0.,0.
0.987,-3.552713678800501e-15,0.
0.9880000000000001,0.,0.
0.989,1.7763568394002505e-15,0.
0.9900000000000001,-3.552713678800501e-15,0.
0.991,-3.552713678800501e-15,0.
0.9920000000000001,0.,0.
0.993,0.,0.
0.9940000000000001,-3.552713678800501e-15,0.
0.995,0.,0.
0.9960000000000001,1.7763568394002505e-15,0.
0.997,3.552713678800501e-15,0.
0.9980000000000001,-3.552713678800501e-15,0.
0.999,-3.552713678800501e-15,0.
1.,0.,0.
