0.1,-4.831690603168681e-13,-1.4210854715202004e-13
0.1005,-4.547473508864641e-13,-2.1316282072803006e-13
0.101,-6.536993168992922e-13,-3.552713678800501e-13
0.1015,-1.9895196601282805e-13,-1.8474111129762605e-13
0.10200000000000001,-5.684341886080802e-14,-1.2789769243681803e-13
0.10250000000000001,-3.410605131648481e-13,-1.2789769243681803e-13
0.10300000000000001,-4.263256414560601e-14,0.
0.10350000000000001,-4.263256414560601e-14,-4.263256414560601e-14
0.10400000000000001,5.684341886080801e-13,1.9895196601282805e-13
0.10450000000000001,0.,-1.4210854715202004e-13
0.10500000000000001,-8.526512829121202e-14,-8.526512829121202e-14
0.10550000000000001,-2.2737367544323206e-13,-3.126388037344441e-13
0.10600000000000001,-1.2789769243681803e-13,1.4210854715202004e-14
0.10650000000000001,5.684341886080802e-14,-8.526512829121202e-14
0.10700000000000001,5.826450433232822e-13,3.694822225952521e-13
0.10750000000000001,-5.826450433232822e-13,-2.7000623958883807e-13
0.10800000000000001,-2.4158453015843406e-13,9.947598300641403e-14
0.10850000000000001,-2.5579538487363607e-13,-3.126388037344441e-13
0.10900000000000001,-5.684341886080802e-14,1.9895196601282805e-13
0.1095,4.121147867408581e-13,-2.842170943040401e-14
0.11,1.2789769243681803e-13,4.263256414560601e-14
0.1105,-1.9895196601282805e-13,-2.8421709430404007e-13
0.111,-5.684341886080802e-14,1.4210854715202004e-14
0.1115,-5.684341886080802e-14,-8.526512829121202e-14
0.112,-1.4210854715202004e-13,-2.842170943040401e-14
0.1125,1.5631940186722204e-13,-4.263256414560601e-14
0.113,0.,8.526512829121202e-14
0.1135,-1.9895196601282805e-13,-1.4210854715202004e-13
0.114,-2.842170943040401e-14,9.947598300641403e-14
0.1145,-1.8474111129762605e-13,-1.5631940186722204e-13
0.115,1.4210854715202004e-14,-1.4210854715202004e-14
0.1155,-7.105427357601002e-14,-1.1368683772161603e-13
0.116,-1.2789769243681803e-13,-9.947598300641403e-14
0.1165,2.5579538487363607e-13,1.1368683772161603e-13
0.117,4.263256414560601e-14,-9.947598300641403e-14
0.11750000000000001,2.842170943040401e-14,-2.842170943040401e-14
0.11800000000000001,5.684341886080802e-14,7.105427357601002e-14
0.11850000000000001,4.263256414560601e-14,-2.842170943040401e-14
0.11900000000000001,5.684341886080802e-14,0.
0.11950000000000001,-2.2737367544323206e-13,-1.8474111129762605e-13
0.12000000000000001,2.842170943040401e-14,-8.526512829121202e-14
0.12050000000000001,-8.526512829121202e-14,-5.684341886080802e-14
0.12100000000000001,1.7053025658242404e-13,1.7053025658242404e-13
0.12150000000000001,-9.947598300641403e-14,-1.1368683772161603e-13
0.122,-2.4158453015843406e-13,1.4210854715202004e-14
0.1225,-8.526512829121202e-14,-2.984279490192421e-13
0.123,-1.1368683772161603e-13,-1.9895196601282805e-13
0.1235,1.1368683772161603e-13,8.526512829121202e-14
0.124,-1.1368683772161603e-13,-1.1368683772161603e-13
0.1245,1.4210854715202004e-14,-1.4210854715202004e-13
0.125,4.263256414560601e-14,-7.105427357601002e-14
0.1255,2.1316282072803006e-13,0.
0.126,5.684341886080802e-14,1.1368683772161603e-13
0.1265,-1.9895196601282805e-13,-1.5631940186722204e-13
0.127,-2.2737367544323206e-13,-1.7053025658242404e-13
0.1275,-1.4210854715202004e-13,-1.4210854715202004e-14
0.128,1.4210854715202004e-14,-1.5631940186722204e-13
0.1285,-2.8421709430404007e-13,-1.9895196601282805e-13
0.129,-1.4210854715202004e-13,-1.4210854715202004e-14
0.1295,1.4210854715202004e-13,1.1368683772161603e-13
0.13,2.842170943040401e-14,-1.4210854715202004e-14
0.1305,7.105427357601002e-14,-9.947598300641403e-14
0.131,9.947598300641403e-14,-2.842170943040401e-14
0.1315,4.263256414560601e-14,1.1368683772161603e-13
0.132,1.4210854715202004e-13,-4.263256414560601e-14
0.1325,-5.684341886080802e-14,-9.947598300641403e-14
0.133,-5.684341886080802e-14,4.263256414560601e-14
0.1335,1.4210854715202004e-13,2.4158453015843406e-13
0.134,1.7053025658242404e-13,9.947598300641403e-14
0.1345,-2.1316282072803006e-13,-1.4210854715202004e-13
0.135,1.4210854715202004e-14,-2.842170943040401e-14
0.1355,-4.263256414560601e-14,1.9895196601282805e-13
0.136,-8.526512829121202e-14,-1.2789769243681803e-13
0.1365,-1.4210854715202004e-14,-1.5631940186722204e-13
0.137,1.1368683772161603e-13,5.684341886080802e-14
0.1375,-9.947598300641403e-14,9.947598300641403e-14
0.138,0.,-9.947598300641403e-14
0.1385,-1.4210854715202004e-14,-9.947598300641403e-14
0.139,0.,8.526512829121202e-14
0.1395,1.2789769243681803e-13,1.5631940186722204e-13
0.14,-1.1368683772161603e-13,-1.4210854715202004e-13
0.1405,-1.7053025658242404e-13,-1.5631940186722204e-13
0.14100000000000001,1.1368683772161603e-13,2.842170943040401e-14
0.14150000000000001,1.9895196601282805e-13,1.8474111129762605e-13
0.14200000000000002,-1.4210854715202004e-13,-1.2789769243681803e-13
0.14250000000000002,-1.5631940186722204e-13,-8.526512829121202e-14
0.14300000000000002,1.4210854715202004e-14,0.
0.14350000000000002,7.105427357601002e-14,-5.684341886080802e-14
0.14400000000000002,-9.947598300641403e-14,-7.105427357601002e-14
0.14450000000000002,2.842170943040401e-14,-8.526512829121202e-14
0.14500000000000002,-1.9895196601282805e-13,-1.2789769243681803e-13
0.14550000000000002,0.,5.684341886080802e-14
0.14600000000000002,5.684341886080802e-14,-2.842170943040401e-14
0.14650000000000002,8.526512829121202e-14,-7.105427357601002e-14
0.14700000000000002,-1.2789769243681803e-13,-9.947598300641403e-14
0.14750000000000002,1.4210854715202004e-13,9.947598300641403e-14
0.14800000000000002,1.9895196601282805e-13,4.263256414560601e-14
0.14850000000000002,0.,-4.263256414560601e-14
0.14900000000000002,-5.684341886080802e-14,1.7053025658242404e-13
0.14950000000000002,-1.2789769243681803e-13,1.1368683772161603e-13
0.15000000000000002,-4.263256414560601e-14,-1.1368683772161603e-13
0.15050000000000002,-8.526512829121202e-14,-8.526512829121202e-14
0.15100000000000002,-7.105427357601002e-14,-5.684341886080802e-14
0.15150000000000002,1.8474111129762605e-13,1.1368683772161603e-13
0.15200000000000002,8.526512829121202e-14,8.526512829121202e-14
0.1525,-1.4210854715202004e-14,0.
0.153,1.2789769243681803e-13,2.842170943040401e-14
0.1535,5.684341886080802e-14,1.4210854715202004e-14
0.154,-9.947598300641403e-14,-1.2789769243681803e-13
0.1545,-9.947598300641403e-14,0.
0.155,0.,-5.684341886080802e-14
0.1555,5.684341886080802e-14,5.684341886080802e-14
0.156,-4.263256414560601e-14,-7.105427357601002e-14
0.1565,-2.842170943040401e-14,4.263256414560601e-14
0.157,2.5579538487363607e-13,1.4210854715202004e-14
0.1575,1.1368683772161603e-13,1.7053025658242404e-13
0.158,4.263256414560601e-14,-1.4210854715202004e-14
0.1585,9.947598300641403e-14,8.526512829121202e-14
0.159,-5.684341886080802e-14,-2.842170943040401e-14
0.1595,9.947598300641403e-14,2.842170943040401e-14
0.16,-1.4210854715202004e-14,-1.4210854715202004e-13
0.1605,1.9895196601282805e-13,1.4210854715202004e-13
0.161,2.842170943040401e-14,-1.2789769243681803e-13
0.1615,-4.263256414560601e-14,-1.4210854715202004e-14
0.162,5.684341886080802e-14,0.
0.1625,-1.2789769243681803e-13,-1.4210854715202004e-14
0.163,2.842170943040401e-14,1.4210854715202004e-14
0.1635,1.8474111129762605e-13,4.263256414560601e-14
0.164,-5.684341886080802e-14,-4.263256414560601e-14
0.1645,1.5631940186722204e-13,2.842170943040401e-14
0.165,4.263256414560601e-14,4.263256414560601e-14
0.1655,-5.684341886080802e-14,1.4210854715202004e-14
0.166,9.947598300641403e-14,4.263256414560601e-14
0.1665,-8.526512829121202e-14,2.842170943040401e-14
0.167,2.842170943040401e-14,5.684341886080802e-14
0.1675,2.1316282072803006e-13,1.9895196601282805e-13
0.168,0.,-4.263256414560601e-14
0.1685,9.947598300641403e-14,8.526512829121202e-14
0.169,-4.263256414560601e-14,4.263256414560601e-14
0.1695,-1.4210854715202004e-14,1.4210854715202004e-14
0.17,-5.684341886080802e-14,-4.263256414560601e-14
0.1705,0.,1.4210854715202004e-13
0.171,-1.1368683772161603e-13,-5.684341886080802e-14
0.1715,-1.4210854715202004e-14,5.684341886080802e-14
0.17200000000000001,2.842170943040401e-14,0.
0.1725,-5.684341886080802e-14,4.263256414560601e-14
0.173,-1.4210854715202004e-14,-9.947598300641403e-14
0.1735,1.5631940186722204e-13,-2.842170943040401e-14
0.174,-4.263256414560601e-14,5.684341886080802e-14
0.1745,1.5631940186722204e-13,1.4210854715202004e-13
0.175,-1.4210854715202004e-13,-1.1368683772161603e-13
0.1755,7.105427357601002e-14,2.842170943040401e-14
0.176,2.842170943040401e-14,9.947598300641403e-14
0.1765,-1.2789769243681803e-13,-1.4210854715202004e-14
0.177,4.263256414560601e-14,-5.684341886080802e-14
0.1775,-1.4210854715202004e-14,0.
0.178,8.526512829121202e-14,0.
0.1785,7.105427357601002e-14,9.947598300641403e-14
0.179,-5.684341886080802e-14,-7.105427357601002e-14
0.1795,1.4210854715202004e-14,-2.842170943040401e-14
0.18,0.,9.947598300641403e-14
0.1805,1.4210854715202004e-14,-5.684341886080802e-14
0.181,-2.842170943040401e-14,-2.842170943040401e-14
0.1815,-2.1316282072803006e-13,-8.526512829121202e-14
0.182,-9.947598300641403e-14,0.
0.1825,1.4210854715202004e-14,2.842170943040401e-14
0.183,-5.684341886080802e-14,-7.105427357601002e-14
0.1835,-1.1368683772161603e-13,-5.684341886080802e-14
0.184,1.4210854715202004e-14,1.4210854715202004e-14
0.1845,-2.842170943040401e-14,-2.842170943040401e-14
0.185,-1.8474111129762605e-13,-9.947598300641403e-14
0.1855,7.105427357601002e-14,5.684341886080802e-14
0.186,-1.4210854715202004e-14,2.842170943040401e-14
0.1865,9.947598300641403e-14,1.4210854715202004e-14
0.187,-1.5631940186722204e-13,-7.105427357601002e-14
0.1875,4.263256414560601e-14,-1.4210854715202004e-14
0.188,4.263256414560601e-14,7.105427357601002e-14
0.1885,1.2789769243681803e-13,2.842170943040401e-14
0.189,1.4210854715202004e-14,-9.947598300641403e-14
0.1895,0.,7.105427357601002e-14
0.19,1.4210854715202004e-14,1.7053025658242404e-13
0.1905,-1.4210854715202004e-14,0.
0.191,-1.4210854715202004e-14,-9.947598300641403e-14
0.1915,-8.526512829121202e-14,-4.263256414560601e-14
0.192,1.1368683772161603e-13,1.8474111129762605e-13
0.1925,-1.7053025658242404e-13,-5.684341886080802e-14
0.193,-7.105427357601002e-14,-1.5631940186722204e-13
0.1935,-1.2789769243681803e-13,-7.105427357601002e-14
0.194,-1.4210854715202004e-14,9.947598300641403e-14
0.1945,1.2789769243681803e-13,1.4210854715202004e-14
0.195,1.4210854715202004e-14,-8.526512829121202e-14
0.1955,-1.2789769243681803e-13,-5.684341886080802e-14
0.196,5.684341886080802e-14,1.1368683772161603e-13
0.1965,0.,2.842170943040401e-14
0.197,0.,-5.684341886080802e-14
0.1975,1.1368683772161603e-13,7.105427357601002e-14
0.198,1.8474111129762605e-13,9.947598300641403e-14
0.1985,-4.263256414560601e-14,-2.842170943040401e-14
0.199,0.,-1.1368683772161603e-13
0.1995,-9.947598300641403e-14,-5.684341886080802e-14
0.2,5.684341886080802e-14,1.1368683772161603e-13
0.2005,-7.105427357601002e-14,0.
0.201,1.4210854715202004e-14,-2.842170943040401e-14
0.2015,-1.4210854715202004e-14,-2.842170943040401e-14
0.202,7.105427357601002e-14,2.842170943040401e-14
0.2025,-8.526512829121202e-14,0.
0.203,1.4210854715202004e-14,-4.263256414560601e-14
0.20350000000000001,-1.2789769243681803e-13,-4.263256414560601e-14
0.20400000000000001,7.105427357601002e-14,8.526512829121202e-14
0.20450000000000002,-2.842170943040401e-14,1.4210854715202004e-14
0.20500000000000002,-1.1368683772161603e-13,-4.263256414560601e-14
0.20550000000000002,-4.263256414560601e-14,-1.4210854715202004e-14
0.20600000000000002,0.,4.263256414560601e-14
0.20650000000000002,-7.105427357601002e-14,-5.684341886080802e-14
0.20700000000000002,-8.526512829121202e-14,-1.4210854715202004e-14
0.20750000000000002,-8.526512829121202e-14,1.4210854715202004e-14
0.20800000000000002,8.526512829121202e-14,2.842170943040401e-14
0.20850000000000002,5.684341886080802e-14,-1.4210854715202004e-14
0.20900000000000002,1.4210854715202004e-13,2.842170943040401e-14
0.20950000000000002,-2.842170943040401e-14,-2.842170943040401e-14
0.21000000000000002,7.105427357601002e-14,1.1368683772161603e-13
0.21050000000000002,2.842170943040401e-14,-4.263256414560601e-14
0.21100000000000002,5.684341886080802e-14,-2.842170943040401e-14
0.21150000000000002,-2.842170943040401e-14,-1.4210854715202004e-14
0.21200000000000002,0.,1.4210854715202004e-13
0.21250000000000002,4.263256414560601e-14,0.
0.21300000000000002,-8.526512829121202e-14,-9.947598300641403e-14
0.21350000000000002,-1.4210854715202004e-14,5.684341886080802e-14
0.21400000000000002,1.4210854715202004e-14,9.947598300641403e-14
0.21450000000000002,0.,2.842170943040401e-14
0.21500000000000002,1.4210854715202004e-14,1.4210854715202004e-14
0.21550000000000002,1.4210854715202004e-14,-4.263256414560601e-14
0.21600000000000003,4.263256414560601e-14,1.1368683772161603e-13
0.21650000000000003,-1.4210854715202004e-14,-2.842170943040401e-14
0.21700000000000003,-2.842170943040401e-14,-4.263256414560601e-14
0.21750000000000003,0.,-5.684341886080802e-14
0.21800000000000003,2.842170943040401e-14,8.526512829121202e-14
0.21850000000000003,5.684341886080802e-14,2.842170943040401e-14
0.21900000000000003,-5.684341886080802e-14,-4.263256414560601e-14
0.21950000000000003,-7.105427357601002e-14,7.105427357601002e-14
0.22,-2.842170943040401e-14,1.4210854715202004e-14
0.2205,5.684341886080802e-14,1.4210854715202004e-14
0.221,4.263256414560601e-14,4.263256414560601e-14
0.2215,-9.947598300641403e-14,-8.526512829121202e-14
0.222,2.842170943040401e-14,1.4210854715202004e-14
0.2225,-8.526512829121202e-14,0.
0.223,2.842170943040401e-14,8.526512829121202e-14
0.2235,5.684341886080802e-14,1.4210854715202004e-14
0.224,-1.4210854715202004e-14,4.263256414560601e-14
0.2245,2.842170943040401e-14,5.684341886080802e-14
0.225,1.4210854715202004e-14,-2.842170943040401e-14
0.2255,0.,-5.684341886080802e-14
0.226,5.684341886080802e-14,4.263256414560601e-14
0.2265,-2.842170943040401e-14,-4.263256414560601e-14
0.227,1.4210854715202004e-14,-2.842170943040401e-14
0.2275,0.,0.
0.228,-2.842170943040401e-14,8.526512829121202e-14
0.2285,-8.526512829121202e-14,7.105427357601002e-14
0.229,0.,1.4210854715202004e-14
0.2295,-2.842170943040401e-14,0.
0.23,-1.1368683772161603e-13,-7.105427357601002e-14
0.2305,4.263256414560601e-14,1.4210854715202004e-14
0.231,-2.842170943040401e-14,2.842170943040401e-14
0.2315,-2.842170943040401e-14,5.684341886080802e-14
0.232,1.4210854715202004e-14,1.4210854715202004e-14
0.2325,2.842170943040401e-14,2.842170943040401e-14
0.233,8.526512829121202e-14,8.526512829121202e-14
0.2335,1.4210854715202004e-14,-1.4210854715202004e-14
0.234,5.684341886080802e-14,7.105427357601002e-14
0.23450000000000001,4.263256414560601e-14,2.842170943040401e-14
0.23500000000000001,-2.842170943040401e-14,1.4210854715202004e-14
0.23550000000000001,0.,-4.263256414560601e-14
0.23600000000000002,-2.842170943040401e-14,1.4210854715202004e-14
0.23650000000000002,-1.7053025658242404e-13,-1.4210854715202004e-14
0.23700000000000002,9.947598300641403e-14,1.1368683772161603e-13
0.23750000000000002,-1.2789769243681803e-13,-5.684341886080802e-14
0.23800000000000002,1.4210854715202004e-14,2.842170943040401e-14
0.23850000000000002,-5.684341886080802e-14,1.4210854715202004e-14
0.23900000000000002,-1.1368683772161603e-13,-4.263256414560601e-14
0.23950000000000002,-8.526512829121202e-14,-4.263256414560601e-14
0.24000000000000002,0.,2.842170943040401e-14
0.24050000000000002,-2.842170943040401e-14,-2.842170943040401e-14
0.24100000000000002,4.263256414560601e-14,7.105427357601002e-14
0.24150000000000002,2.842170943040401e-14,-1.4210854715202004e-14
0.24200000000000002,0.,4.263256414560601e-14
0.24250000000000002,-7.105427357601002e-14,2.842170943040401e-14
0.24300000000000002,-4.263256414560601e-14,2.842170943040401e-14
0.24350000000000002,-4.263256414560601e-14,-4.263256414560601e-14
0.24400000000000002,-1.4210854715202004e-14,2.842170943040401e-14
0.2445,5.684341886080802e-14,5.684341886080802e-14
0.245,0.,-2.842170943040401e-14
0.2455,2.842170943040401e-14,2.842170943040401e-14
0.246,2.842170943040401e-14,1.4210854715202004e-14
0.2465,9.947598300641403e-14,1.1368683772161603e-13
0.247,1.4210854715202004e-14,2.842170943040401e-14
0.2475,-4.263256414560601e-14,-7.105427357601002e-14
0.248,2.842170943040401e-14,1.4210854715202004e-14
0.2485,5.684341886080802e-14,9.947598300641403e-14
0.249,5.684341886080802e-14,-1.4210854715202004e-14
0.2495,2.842170943040401e-14,0.
0.25,0.,0.
0.2505,2.842170943040401e-14,5.684341886080802e-14
0.251,0.,-4.263256414560601e-14
0.2515,0.,-1.4210854715202004e-14
0.252,-2.842170943040401e-14,-4.263256414560601e-14
0.2525,1.1368683772161603e-13,7.105427357601002e-14
0.253,2.842170943040401e-14,0.
0.2535,-1.4210854715202004e-14,-4.263256414560601e-14
0.254,1.4210854715202004e-14,5.684341886080802e-14
0.2545,7.105427357601002e-14,8.526512829121202e-14
0.255,-7.105427357601002e-14,0.
0.2555,-4.263256414560601e-14,1.4210854715202004e-14
0.256,1.4210854715202004e-14,1.4210854715202004e-14
0.2565,0.,7.105427357601002e-14
0.257,2.842170943040401e-14,0.
0.2575,-7.105427357601002e-14,-8.526512829121202e-14
0.258,-8.526512829121202e-14,-4.263256414560601e-14
0.2585,5.684341886080802e-14,4.263256414560601e-14
0.259,5.684341886080802e-14,4.263256414560601e-14
0.2595,-8.526512829121202e-14,-1.4210854715202004e-14
0.26,-1.4210854715202004e-14,5.684341886080802e-14
0.2605,2.842170943040401e-14,2.842170943040401e-14
0.261,0.,-2.842170943040401e-14
0.2615,5.684341886080802e-14,0.
0.262,0.,-1.4210854715202004e-14
0.2625,-1.4210854715202004e-14,1.4210854715202004e-14
0.263,-4.263256414560601e-14,2.842170943040401e-14
0.2635,-7.105427357601002e-14,-4.263256414560601e-14
0.264,1.4210854715202004e-14,-1.4210854715202004e-14
0.2645,-1.4210854715202004e-14,5.684341886080802e-14
0.265,-4.263256414560601e-14,1.4210854715202004e-14
0.2655,-5.684341886080802e-14,0.
0.266,-2.842170943040401e-14,-2.842170943040401e-14
0.2665,-5.684341886080802e-14,5.684341886080802e-14
0.267,-2.842170943040401e-14,-1.4210854715202004e-14
0.2675,-7.105427357601002e-14,-8.526512829121202e-14
0.268,-1.4210854715202004e-14,1.4210854715202004e-14
0.2685,1.4210854715202004e-14,8.526512829121202e-14
0.269,-1.4210854715202004e-14,-2.842170943040401e-14
0.2695,-2.842170943040401e-14,-2.842170943040401e-14
0.27,-1.4210854715202004e-14,-7.105427357601002e-14
0.2705,2.842170943040401e-14,7.105427357601002e-14
0.271,-2.842170943040401e-14,8.526512829121202e-14
0.2715,-5.684341886080802e-14,-2.842170943040401e-14
0.272,2.842170943040401e-14,7.105427357601002e-14
0.2725,7.105427357601002e-14,8.526512829121202e-14
0.273,-5.684341886080802e-14,-7.105427357601002e-14
0.2735,-5.684341886080802e-14,1.4210854715202004e-14
0.274,0.,1.4210854715202004e-14
0.2745,-2.842170943040401e-14,-5.684341886080802e-14
0.275,2.842170943040401e-14,-1.4210854715202004e-14
0.2755,-2.842170943040401e-14,-5.684341886080802e-14
0.276,7.105427357601002e-14,-2.842170943040401e-14
0.27649999999999997,4.263256414560601e-14,1.4210854715202004e-14
0.277,4.263256414560601e-14,2.842170943040401e-14
0.27749999999999997,-5.684341886080802e-14,-2.842170943040401e-14
0.278,-4.263256414560601e-14,2.842170943040401e-14
0.27849999999999997,-1.4210854715202004e-14,0.
0.279,4.263256414560601e-14,2.842170943040401e-14
0.27949999999999997,2.842170943040401e-14,2.842170943040401e-14
0.28,-4.263256414560601e-14,0.
0.28049999999999997,7.105427357601002e-14,4.263256414560601e-14
0.281,-2.842170943040401e-14,4.263256414560601e-14
0.2815,-8.526512829121202e-14,-4.263256414560601e-14
0.28200000000000003,0.,0.
0.2825,-5.684341886080802e-14,4.263256414560601e-14
0.28300000000000003,0.,-1.4210854715202004e-14
0.2835,0.,2.842170943040401e-14
0.28400000000000003,-4.263256414560601e-14,-2.842170943040401e-14
0.2845,-5.684341886080802e-14,1.4210854715202004e-14
0.28500000000000003,-9.947598300641403e-14,0.
0.2855,0.,-2.842170943040401e-14
0.28600000000000003,-1.4210854715202004e-14,-4.263256414560601e-14
0.2865,0.,1.4210854715202004e-14
0.28700000000000003,-4.263256414560601e-14,1.4210854715202004e-14
0.2875,-2.842170943040401e-14,-4.263256414560601e-14
0.28800000000000003,1.4210854715202004e-14,4.263256414560601e-14
0.2885,-5.684341886080802e-14,2.842170943040401e-14
0.28900000000000003,2.842170943040401e-14,5.684341886080802e-14
0.2895,1.4210854715202004e-14,-2.842170943040401e-14
0.29000000000000004,0.,2.842170943040401e-14
0.2905,-2.842170943040401e-14,0.
0.29100000000000004,1.4210854715202004e-14,-2.1316282072803006e-14
0.2915,-8.526512829121202e-14,-1.4210854715202004e-14
0.29200000000000004,-7.105427357601002e-14,-2.1316282072803006e-14
0.2925,2.842170943040401e-14,-7.105427357601002e-15
0.29300000000000004,4.263256414560601e-14,4.263256414560601e-14
0.2935,-1.1368683772161603e-13,-1.4210854715202004e-14
0.29400000000000004,2.842170943040401e-14,1.4210854715202004e-14
0.2945,4.263256414560601e-14,5.684341886080802e-14
0.29500000000000004,0.,-4.263256414560601e-14
0.2955,-1.4210854715202004e-14,-2.842170943040401e-14
0.29600000000000004,2.842170943040401e-14,-3.552713678800501e-14
0.2965,-5.684341886080802e-14,-4.973799150320701e-14
0.29700000000000004,-4.263256414560601e-14,-7.105427357601002e-15
0.2975,1.4210854715202004e-14,-7.105427357601002e-15
0.29800000000000004,2.842170943040401e-14,7.105427357601002e-15
0.2985,2.842170943040401e-14,5.684341886080802e-14
0.29900000000000004,0.,2.842170943040401e-14
0.2995,0.,5.684341886080802e-14
0.30000000000000004,2.842170943040401e-14,0.
0.3005,-4.263256414560601e-14,1.4210854715202004e-14
0.30100000000000005,-2.842170943040401e-14,3.552713678800501e-14
0.3015,-2.842170943040401e-14,7.105427357601002e-15
0.30200000000000005,-1.4210854715202004e-14,-2.1316282072803006e-14
0.3025,-1.4210854715202004e-14,4.973799150320701e-14
0.30300000000000005,5.684341886080802e-14,4.263256414560601e-14
0.3035,9.947598300641403e-14,2.1316282072803006e-14
0.30400000000000005,-5.684341886080802e-14,2.842170943040401e-14
0.3045,-4.263256414560601e-14,2.842170943040401e-14
0.30500000000000005,0.,2.1316282072803006e-14
0.3055,2.842170943040401e-14,-3.552713678800501e-14
0.30600000000000005,0.,2.842170943040401e-14
0.3065,-4.263256414560601e-14,1.4210854715202004e-14
0.30700000000000005,2.1316282072803006e-14,7.105427357601002e-15
0.3075,1.4210854715202004e-14,4.263256414560601e-14
0.30800000000000005,-4.263256414560601e-14,1.4210854715202004e-14
0.3085,4.973799150320701e-14,2.842170943040401e-14
0.309,0.,3.552713678800501e-14
0.3095,-1.4210854715202004e-14,7.105427357601002e-15
0.31,2.1316282072803006e-14,1.4210854715202004e-14
0.3105,-4.973799150320701e-14,-4.263256414560601e-14
0.311,2.1316282072803006e-14,2.1316282072803006e-14
0.3115,4.973799150320701e-14,7.105427357601002e-15
0.312,-1.4210854715202004e-14,-2.1316282072803006e-14
0.3125,7.105427357601002e-15,-1.4210854715202004e-14
0.313,1.4210854715202004e-14,3.552713678800501e-14
0.3135,0.,3.552713678800501e-14
0.314,-3.552713678800501e-14,-7.105427357601002e-15
0.3145,-4.263256414560601e-14,-4.263256414560601e-14
0.315,4.263256414560601e-14,6.394884621840902e-14
0.3155,4.973799150320701e-14,2.1316282072803006e-14
0.316,7.105427357601002e-15,7.105427357601002e-15
0.3165,2.1316282072803006e-14,3.552713678800501e-14
0.317,7.105427357601002e-15,2.842170943040401e-14
0.3175,-6.394884621840902e-14,-2.842170943040401e-14
0.318,-7.815970093361102e-14,-2.842170943040401e-14
0.3185,3.552713678800501e-14,1.4210854715202004e-14
0.319,2.1316282072803006e-14,4.973799150320701e-14
0.3195,2.842170943040401e-14,-2.1316282072803006e-14
0.32,-2.842170943040401e-14,1.4210854715202004e-14
0.3205,6.394884621840902e-14,4.263256414560601e-14
0.321,0.,1.4210854715202004e-14
0.3215,4.973799150320701e-14,2.842170943040401e-14
0.322,-2.1316282072803006e-14,-1.4210854715202004e-14
0.3225,-2.1316282072803006e-14,7.105427357601002e-15
0.323,5.684341886080802e-14,1.4210854715202004e-14
0.3235,4.973799150320701e-14,3.552713678800501e-14
0.324,-7.105427357601002e-15,2.1316282072803006e-14
0.3245,0.,-2.1316282072803006e-14
0.325,2.842170943040401e-14,2.1316282072803006e-14
0.3255,1.4210854715202004e-14,2.1316282072803006e-14
0.326,1.4210854715202004e-14,2.1316282072803006e-14
0.3265,-7.105427357601002e-15,5.684341886080802e-14
0.327,4.263256414560601e-14,1.4210854715202004e-14
0.3275,0.,0.
0.328,-3.552713678800501e-14,7.105427357601002e-15
0.3285,0.,-7.105427357601002e-15
0.329,1.4210854715202004e-14,4.263256414560601e-14
0.3295,-1.4210854715202004e-14,-3.552713678800501e-14
0.33,7.105427357601002e-15,-2.1316282072803006e-14
0.3305,-4.263256414560601e-14,4.973799150320701e-14
0.331,4.263256414560601e-14,2.842170943040401e-14
0.3315,-5.684341886080802e-14,-7.105427357601002e-15
0.332,-4.263256414560601e-14,-7.105427357601002e-15
0.3325,2.842170943040401e-14,2.842170943040401e-14
0.333,-7.105427357601002e-15,2.842170943040401e-14
0.3335,3.552713678800501e-14,3.552713678800501e-14
0.334,-9.237055564881302e-14,7.105427357601002e-15
0.3345,2.842170943040401e-14,1.4210854715202004e-14
0.335,7.105427357601002e-15,5.684341886080802e-14
0.3355,-3.552713678800501e-14,4.973799150320701e-14
0.336,-1.4210854715202004e-14,7.105427357601002e-15
0.3365,1.4210854715202004e-14,3.552713678800501e-14
0.337,0.,2.842170943040401e-14
0.3375,4.263256414560601e-14,7.105427357601002e-15
0.338,-3.552713678800501e-14,2.1316282072803006e-14
0.3385,7.105427357601002e-15,3.552713678800501e-14
0.339,3.552713678800501e-14,3.552713678800501e-14
0.3395,7.105427357601002e-15,0.
0.33999999999999997,-1.4210854715202004e-14,1.4210854715202004e-14
0.3405,2.1316282072803006e-14,-7.105427357601002e-15
0.34099999999999997,3.552713678800501e-14,0.
0.3415,8.526512829121202e-14,3.552713678800501e-14
0.34199999999999997,-4.973799150320701e-14,-2.1316282072803006e-14
0.3425,7.105427357601002e-15,2.842170943040401e-14
0.34299999999999997,4.973799150320701e-14,2.842170943040401e-14
0.3435,-1.4210854715202004e-14,-2.842170943040401e-14
0.344,2.1316282072803006e-14,-7.105427357601002e-15
0.34450000000000003,3.552713678800501e-14,0.
0.345,4.263256414560601e-14,7.105427357601002e-15
0.34550000000000003,-1.4210854715202004e-14,7.105427357601002e-15
0.346,2.1316282072803006e-14,0.
0.34650000000000003,-4.973799150320701e-14,1.4210854715202004e-14
0.347,-1.4210854715202004e-14,-2.842170943040401e-14
0.34750000000000003,-7.105427357601002e-15,-7.105427357601002e-15
0.348,-2.842170943040401e-14,0.
0.34850000000000003,0.,1.4210854715202004e-14
0.349,3.552713678800501e-14,0.
0.34950000000000003,2.842170943040401e-14,-4.263256414560601e-14
0.35,0.,1.4210854715202004e-14
0.35050000000000003,-3.552713678800501e-14,0.
0.351,1.4210854715202004e-14,-1.4210854715202004e-14
0.35150000000000003,-4.973799150320701e-14,-7.105427357601002e-15
0.352,0.,-7.105427357601002e-15
0.35250000000000004,2.1316282072803006e-14,1.4210854715202004e-14
0.353,-3.552713678800501e-14,2.1316282072803006e-14
0.35350000000000004,2.842170943040401e-14,7.105427357601002e-15
0.354,-5.684341886080802e-14,-7.105427357601002e-15
0.35450000000000004,7.105427357601002e-15,2.1316282072803006e-14
0.355,7.105427357601002e-15,7.105427357601002e-15
0.35550000000000004,-7.105427357601002e-15,3.552713678800501e-14
0.356,0.,7.105427357601002e-15
0.35650000000000004,2.842170943040401e-14,-1.4210854715202004e-14
0.357,0.,-1.4210854715202004e-14
0.35750000000000004,-4.263256414560601e-14,-2.1316282072803006e-14
0.358,1.4210854715202004e-14,7.105427357601002e-15
0.35850000000000004,1.4210854715202004e-14,2.842170943040401e-14
0.359,1.4210854715202004e-14,-7.105427357601002e-15
0.35950000000000004,-2.1316282072803006e-14,-1.4210854715202004e-14
0.36,1.4210854715202004e-14,2.842170943040401e-14
0.36050000000000004,-1.4210854715202004e-14,7.105427357601002e-15
0.361,-4.263256414560601e-14,-3.552713678800501e-14
0.36150000000000004,3.552713678800501e-14,4.973799150320701e-14
0.362,7.105427357601002e-14,1.4210854715202004e-14
0.36250000000000004,-1.4210854715202004e-14,2.1316282072803006e-14
0.363,-4.263256414560601e-14,1.4210854715202004e-14
0.36350000000000005,7.105427357601002e-15,0.
0.364,-1.4210854715202004e-14,1.4210854715202004e-14
0.36450000000000005,-4.973799150320701e-14,-1.4210854715202004e-14
0.365,1.4210854715202004e-14,3.552713678800501e-14
0.36550000000000005,1.4210854715202004e-14,7.105427357601002e-15
0.366,3.552713678800501e-14,2.842170943040401e-14
0.36650000000000005,-1.4210854715202004e-14,-7.105427357601002e-15
0.367,-7.815970093361102e-14,7.105427357601002e-15
0.36750000000000005,-2.842170943040401e-14,-3.552713678800501e-14
0.368,-1.4210854715202004e-14,1.4210854715202004e-14
0.36850000000000005,4.263256414560601e-14,0.
0.369,-2.1316282072803006e-14,7.105427357601002e-15
0.36950000000000005,-2.842170943040401e-14,0.
0.37,-7.105427357601002e-15,3.552713678800501e-14
0.37050000000000005,-7.105427357601002e-15,7.105427357601002e-15
0.371,7.105427357601002e-15,1.4210854715202004e-14
0.37150000000000005,0.,2.1316282072803006e-14
0.372,-4.973799150320701e-14,-7.105427357601002e-15
0.37250000000000005,7.105427357601002e-15,-2.1316282072803006e-14
0.373,0.,0.
0.37350000000000005,-2.842170943040401e-14,1.4210854715202004e-14
0.374,7.105427357601002e-15,1.4210854715202004e-14
0.37450000000000006,-7.105427357601002e-15,3.552713678800501e-14
0.375,4.973799150320701e-14,2.1316282072803006e-14
0.37550000000000006,0.,-1.4210854715202004e-14
0.376,-2.842170943040401e-14,-7.105427357601002e-15
0.37650000000000006,4.263256414560601e-14,2.842170943040401e-14
0.377,-7.105427357601002e-15,-2.1316282072803006e-14
0.37750000000000006,2.1316282072803006e-14,-2.842170943040401e-14
0.378,4.973799150320701e-14,7.105427357601002e-15
0.37850000000000006,-4.263256414560601e-14,7.105427357601002e-15
0.379,4.263256414560601e-14,7.105427357601002e-15
0.37950000000000006,2.842170943040401e-14,6.394884621840902e-14
0.38,-3.552713678800501e-14,7.105427357601002e-15
0.38050000000000006,4.263256414560601e-14,2.842170943040401e-14
0.381,7.105427357601002e-15,2.842170943040401e-14
0.38150000000000006,2.1316282072803006e-14,7.105427357601002e-15
0.382,-3.552713678800501e-14,7.105427357601002e-15
0.38250000000000006,-2.842170943040401e-14,-7.105427357601002e-15
0.383,-3.552713678800501e-14,-2.842170943040401e-14
0.38350000000000006,7.105427357601002e-15,2.1316282072803006e-14
0.384,-7.105427357601002e-15,7.105427357601002e-15
0.38450000000000006,-4.973799150320701e-14,0.
0.385,0.,7.105427357601002e-15
0.38550000000000006,-3.552713678800501e-14,1.4210854715202004e-14
0.386,1.4210854715202004e-14,2.1316282072803006e-14
0.38650000000000007,0.,1.4210854715202004e-14
0.387,0.,-2.1316282072803006e-14
0.38750000000000007,4.263256414560601e-14,3.552713678800501e-14
0.388,-1.4210854715202004e-14,0.
0.38849999999999996,1.4210854715202004e-14,-2.1316282072803006e-14
0.389,7.105427357601002e-15,2.1316282072803006e-14
0.38949999999999996,1.4210854715202004e-14,7.105427357601002e-15
0.39,-1.4210854715202004e-14,7.105427357601002e-15
0.39049999999999996,2.1316282072803006e-14,1.4210854715202004e-14
0.391,0.,1.4210854715202004e-14
0.39149999999999996,-4.263256414560601e-14,0.
0.392,-2.1316282072803006e-14,2.842170943040401e-14
0.39249999999999996,2.1316282072803006e-14,7.105427357601002e-15
0.393,-1.4210854715202004e-14,7.105427357601002e-15
0.39349999999999996,0.,7.105427357601002e-15
0.394,1.4210854715202004e-14,0.
0.39449999999999996,-1.4210854715202004e-14,7.105427357601002e-15
0.395,2.1316282072803006e-14,0.
0.39549999999999996,1.4210854715202004e-14,2.1316282072803006e-14
0.396,2.842170943040401e-14,7.105427357601002e-15
0.39649999999999996,-2.842170943040401e-14,-1.4210854715202004e-14
0.397,0.,7.105427357601002e-15
0.39749999999999996,-2.1316282072803006e-14,-7.105427357601002e-15
0.398,7.105427357601002e-15,7.105427357601002e-15
0.39849999999999997,1.4210854715202004e-14,0.
0.399,-7.105427357601002e-15,-3.552713678800501e-14
0.39949999999999997,2.842170943040401e-14,1.4210854715202004e-14
0.4,1.4210854715202004e-14,2.1316282072803006e-14
0.40049999999999997,2.1316282072803006e-14,-7.105427357601002e-15
0.401,2.1316282072803006e-14,1.4210854715202004e-14
0.40149999999999997,7.105427357601002e-15,7.105427357601002e-15
0.402,1.4210854715202004e-14,7.105427357601002e-15
0.40249999999999997,0.,0.
0.403,-3.552713678800501e-14,-7.105427357601002e-15
0.40349999999999997,7.105427357601002e-15,7.105427357601002e-15
0.404,-7.105427357601002e-15,1.4210854715202004e-14
0.40449999999999997,1.4210854715202004e-14,0.
0.405,0.,2.1316282072803006e-14
0.40549999999999997,0.,7.105427357601002e-15
0.406,4.263256414560601e-14,7.105427357601002e-15
0.4065,2.842170943040401e-14,0.
0.40700000000000003,0.,1.4210854715202004e-14
0.4075,-7.105427357601002e-15,1.4210854715202004e-14
0.40800000000000003,-2.1316282072803006e-14,-7.105427357601002e-15
0.4085,2.1316282072803006e-14,7.105427357601002e-15
0.40900000000000003,-1.4210854715202004e-14,-7.105427357601002e-15
0.4095,1.4210854715202004e-14,4.973799150320701e-14
0.41000000000000003,-7.105427357601002e-15,-2.1316282072803006e-14
0.4105,-2.1316282072803006e-14,-2.1316282072803006e-14
0.41100000000000003,-2.1316282072803006e-14,7.105427357601002e-15
0.4115,-7.105427357601002e-15,-3.552713678800501e-14
0.41200000000000003,-7.105427357601002e-15,1.4210854715202004e-14
0.4125,-1.4210854715202004e-14,-7.105427357601002e-15
0.41300000000000003,2.1316282072803006e-14,7.105427357601002e-15
0.4135,4.973799150320701e-14,2.842170943040401e-14
0.41400000000000003,7.105427357601002e-15,0.
0.4145,2.1316282072803006e-14,2.842170943040401e-14
0.41500000000000004,-2.1316282072803006e-14,0.
0.4155,-2.842170943040401e-14,7.105427357601002e-15
0.41600000000000004,1.4210854715202004e-14,7.105427357601002e-15
0.4165,7.105427357601002e-15,0.
0.41700000000000004,7.105427357601002e-15,-7.105427357601002e-15
0.4175,-7.105427357601002e-15,1.4210854715202004e-14
0.41800000000000004,3.552713678800501e-14,7.105427357601002e-15
0.4185,3.552713678800501e-14,7.105427357601002e-15
0.41900000000000004,-1.4210854715202004e-14,-7.105427357601002e-15
0.4195,-7.105427357601002e-15,1.4210854715202004e-14
0.42000000000000004,-2.1316282072803006e-14,1.4210854715202004e-14
0.4205,-1.4210854715202004e-14,-2.842170943040401e-14
0.42100000000000004,-7.105427357601002e-15,-1.4210854715202004e-14
0.4215,7.105427357601002e-15,7.105427357601002e-15
0.42200000000000004,-1.4210854715202004e-14,0.
0.4225,-1.4210854715202004e-14,-1.4210854715202004e-14
0.42300000000000004,1.4210854715202004e-14,2.1316282072803006e-14
0.4235,-1.4210854715202004e-14,0.
0.42400000000000004,7.105427357601002e-15,7.105427357601002e-15
0.4245,-2.1316282072803006e-14,1.4210854715202004e-14
0.42500000000000004,1.4210854715202004e-14,7.105427357601002e-15
0.4255,7.105427357601002e-15,0.
0.42600000000000005,-7.105427357601002e-15,0.
0.4265,-2.1316282072803006e-14,-2.842170943040401e-14
0.42700000000000005,-1.4210854715202004e-14,-1.4210854715202004e-14
0.4275,0.,7.105427357601002e-15
0.42800000000000005,7.105427357601002e-15,1.4210854715202004e-14
0.4285,0.,7.105427357601002e-15
0.42900000000000005,-7.105427357601002e-15,2.1316282072803006e-14
0.4295,-7.105427357601002e-15,7.105427357601002e-15
0.43000000000000005,2.842170943040401e-14,4.263256414560601e-14
0.4305,0.,-7.105427357601002e-15
0.43100000000000005,7.105427357601002e-15,1.4210854715202004e-14
0.4315,0.,2.1316282072803006e-14
0.43200000000000005,-7.105427357601002e-15,7.105427357601002e-15
0.4325,2.1316282072803006e-14,0.
0.43300000000000005,1.4210854715202004e-14,1.4210854715202004e-14
0.4335,2.1316282072803006e-14,7.105427357601002e-15
0.43400000000000005,-7.105427357601002e-15,0.
0.4345,7.105427357601002e-15,1.4210854715202004e-14
0.43500000000000005,0.,-2.1316282072803006e-14
0.4355,-2.842170943040401e-14,-7.105427357601002e-15
0.43600000000000005,-2.1316282072803006e-14,1.4210854715202004e-14
0.4365,3.552713678800501e-14,3.197442310920451e-14
0.43700000000000006,-7.105427357601002e-15,0.
0.4375,0.,1.7763568394002505e-14
0.43800000000000006,-2.1316282072803006e-14,1.4210854715202004e-14
0.4385,7.105427357601002e-15,7.105427357601002e-15
0.43900000000000006,-2.1316282072803006e-14,3.552713678800501e-15
0.4395,-7.105427357601002e-15,0.
0.44000000000000006,-2.1316282072803006e-14,2.1316282072803006e-14
0.4405,-1.4210854715202004e-14,0.
0.44100000000000006,7.105427357601002e-15,3.552713678800501e-15
0.4415,7.105427357601002e-15,1.0658141036401503e-14
0.44200000000000006,7.105427357601002e-15,-7.105427357601002e-15
0.4425,-1.4210854715202004e-14,-3.552713678800501e-15
0.44300000000000006,1.4210854715202004e-14,1.4210854715202004e-14
0.4435,-1.4210854715202004e-14,1.7763568394002505e-14
0.44400000000000006,-1.4210854715202004e-14,7.105427357601002e-15
0.4445,-1.4210854715202004e-14,1.0658141036401503e-14
0.44500000000000006,7.105427357601002e-15,0.
0.4455,-7.105427357601002e-15,1.4210854715202004e-14
0.44600000000000006,3.552713678800501e-14,7.105427357601002e-15
0.4465,0.,3.907985046680551e-14
0.44700000000000006,7.105427357601002e-15,3.197442310920451e-14
0.4475,0.,2.1316282072803006e-14
0.44800000000000006,2.842170943040401e-14,-7.105427357601002e-15
0.4485,-7.105427357601002e-15,7.105427357601002e-15
0.44900000000000007,1.4210854715202004e-14,1.0658141036401503e-14
0.4495,1.4210854715202004e-14,1.0658141036401503e-14
0.45000000000000007,-3.552713678800501e-14,7.105427357601002e-15
0.4505,0.,1.4210854715202004e-14
0.45100000000000007,-2.842170943040401e-14,3.552713678800501e-14
0.4515,-2.1316282072803006e-14,-7.105427357601002e-15
0.45199999999999996,0.,-1.4210854715202004e-14
0.4525,7.105427357601002e-15,3.552713678800501e-15
0.45299999999999996,7.105427357601002e-15,0.
0.4535,7.105427357601002e-15,2.842170943040401e-14
0.45399999999999996,-7.105427357601002e-15,-3.552713678800501e-15
0.4545,0.,7.105427357601002e-15
0.45499999999999996,0.,1.4210854715202004e-14
0.4555,-7.105427357601002e-15,2.1316282072803006e-14
0.45599999999999996,-2.1316282072803006e-14,1.0658141036401503e-14
0.4565,-2.842170943040401e-14,-3.552713678800501e-15
0.45699999999999996,0.,7.105427357601002e-15
0.4575,0.,7.105427357601002e-15
0.45799999999999996,7.105427357601002e-15,3.197442310920451e-14
0.4585,0.,1.0658141036401503e-14
0.45899999999999996,0.,1.0658141036401503e-14
0.4595,7.105427357601002e-15,2.1316282072803006e-14
0.45999999999999996,-7.105427357601002e-15,1.4210854715202004e-14
0.4605,0.,3.552713678800501e-15
0.46099999999999997,-3.552713678800501e-14,-3.552713678800501e-15
0.4615,-1.4210854715202004e-14,7.105427357601002e-15
0.46199999999999997,-7.105427357601002e-15,7.105427357601002e-15
0.4625,0.,1.0658141036401503e-14
0.46299999999999997,7.105427357601002e-15,-3.552713678800501e-14
0.4635,0.,-3.552713678800501e-15
0.46399999999999997,-1.4210854715202004e-14,-2.4868995751603507e-14
0.4645,1.4210854715202004e-14,2.1316282072803006e-14
0.46499999999999997,-1.4210854715202004e-14,3.552713678800501e-15
0.4655,0.,1.7763568394002505e-14
0.46599999999999997,-1.4210854715202004e-14,3.552713678800501e-15
0.4665,0.,-1.7763568394002505e-14
0.46699999999999997,-2.842170943040401e-14,1.0658141036401503e-14
0.4675,1.4210854715202004e-14,0.
0.46799999999999997,0.,-3.552713678800501e-15
0.4685,-7.105427357601002e-15,1.7763568394002505e-14
0.469,-7.105427357601002e-15,-7.105427357601002e-15
0.46950000000000003,1.4210854715202004e-14,2.4868995751603507e-14
0.47,7.105427357601002e-15,1.0658141036401503e-14
0.47050000000000003,7.105427357601002e-15,0.
0.471,7.105427357601002e-15,-1.7763568394002505e-14
0.47150000000000003,7.105427357601002e-15,0.
0.472,1.4210854715202004e-14,1.4210854715202004e-14
0.47250000000000003,7.105427357601002e-15,0.
0.473,-2.842170943040401e-14,3.552713678800501e-15
0.47350000000000003,1.4210854715202004e-14,1.7763568394002505e-14
0.474,7.105427357601002e-15,2.4868995751603507e-14
0.47450000000000003,1.4210854715202004e-14,1.4210854715202004e-14
0.475,0.,3.552713678800501e-15
0.47550000000000003,1.4210854715202004e-14,1.7763568394002505e-14
0.476,2.1316282072803006e-14,7.105427357601002e-15
0.47650000000000003,1.4210854715202004e-14,1.0658141036401503e-14
0.477,0.,1.7763568394002505e-14
0.47750000000000004,-2.842170943040401e-14,-1.7763568394002505e-14
0.478,-4.263256414560601e-14,0.
0.47850000000000004,1.4210854715202004e-14,0.
0.479,-7.105427357601002e-15,3.552713678800501e-15
0.47950000000000004,0.,1.7763568394002505e-14
0.48,1.4210854715202004e-14,-1.4210854715202004e-14
0.48050000000000004,7.105427357601002e-15,-1.4210854715202004e-14
0.481,2.842170943040401e-14,1.0658141036401503e-14
0.48150000000000004,-1.4210854715202004e-14,-1.0658141036401503e-14
0.482,-7.105427357601002e-15,0.
0.48250000000000004,1.4210854715202004e-14,2.1316282072803006e-14
0.483,-1.4210854715202004e-14,0.
0.48350000000000004,7.105427357601002e-15,-1.4210854715202004e-14
0.484,2.842170943040401e-14,-3.552713678800501e-15
0.48450000000000004,-1.4210854715202004e-14,-1.4210854715202004e-14
0.485,-2.1316282072803006e-14,0.
0.48550000000000004,-7.105427357601002e-15,1.0658141036401503e-14
0.486,0.,1.0658141036401503e-14
0.48650000000000004,7.105427357601002e-15,0.
0.487,-1.4210854715202004e-14,-7.105427357601002e-15
0.48750000000000004,-7.105427357601002e-15,3.552713678800501e-15
0.488,-2.842170943040401e-14,0.
0.48850000000000005,0.,1.0658141036401503e-14
0.489,-1.4210854715202004e-14,7.105427357601002e-15
0.48950000000000005,-7.105427357601002e-15,7.105427357601002e-15
0.49,-2.1316282072803006e-14,1.0658141036401503e-14
0.49050000000000005,-2.842170943040401e-14,-3.552713678800501e-15
0.491,2.1316282072803006e-14,7.105427357601002e-15
0.49150000000000005,0.,1.0658141036401503e-14
0.492,-1.4210854715202004e-14,-3.552713678800501e-15
0.49250000000000005,-1.4210854715202004e-14,-2.1316282072803006e-14
0.493,2.1316282072803006e-14,2.4868995751603507e-14
0.49350000000000005,3.552713678800501e-14,0.
0.494,-7.105427357601002e-15,-3.552713678800501e-15
0.49450000000000005,1.4210854715202004e-14,-1.4210854715202004e-14
0.495,-2.842170943040401e-14,0.
0.49550000000000005,0.,1.0658141036401503e-14
0.496,-7.105427357601002e-15,-1.7763568394002505e-14
0.49650000000000005,-1.4210854715202004e-14,-1.0658141036401503e-14
0.497,1.4210854715202004e-14,2.1316282072803006e-14
0.49750000000000005,7.105427357601002e-15,3.552713678800501e-15
0.498,1.4210854715202004e-14,3.552713678800501e-15
0.49850000000000005,1.4210854715202004e-14,1.4210854715202004e-14
0.499,-2.1316282072803006e-14,-1.4210854715202004e-14
0.49950000000000006,0.,7.105427357601002e-15
0.5,1.4210854715202004e-14,7.105427357601002e-15
0.5005000000000001,7.105427357601002e-15,-3.552713678800501e-15
0.501,2.1316282072803006e-14,2.1316282072803006e-14
0.5015000000000001,1.4210854715202004e-14,-7.105427357601002e-15
0.502,0.,7.105427357601002e-15
0.5025000000000001,1.4210854715202004e-14,1.0658141036401503e-14
0.503,7.105427357601002e-15,1.4210854715202004e-14
0.5035000000000001,0.,-3.552713678800501e-15
0.504,-2.842170943040401e-14,-7.105427357601002e-15
0.5045000000000001,-7.105427357601002e-15,3.552713678800501e-15
0.505,0.,-7.105427357601002e-15
0.5055000000000001,0.,0.
0.506,2.842170943040401e-14,1.7763568394002505e-14
0.5065000000000001,-7.105427357601002e-15,1.4210854715202004e-14
0.507,7.105427357601002e-15,-1.4210854715202004e-14
0.5075000000000001,1.4210854715202004e-14,7.105427357601002e-15
0.508,0.,-1.4210854715202004e-14
0.5085000000000001,-7.105427357601002e-15,7.105427357601002e-15
0.509,-1.4210854715202004e-14,7.105427357601002e-15
0.5095000000000001,1.4210854715202004e-14,-7.105427357601002e-15
0.51,-7.105427357601002e-15,-1.4210854715202004e-14
0.5105000000000001,-7.105427357601002e-15,3.552713678800501e-15
0.511,7.105427357601002e-15,-3.552713678800501e-15
0.5115000000000001,0.,1.7763568394002505e-14
0.512,1.4210854715202004e-14,1.0658141036401503e-14
0.5125000000000001,1.4210854715202004e-14,2.1316282072803006e-14
0.513,-7.105427357601002e-15,1.7763568394002505e-14
0.5135000000000001,-7.105427357601002e-15,0.
0.514,1.4210854715202004e-14,1.0658141036401503e-14
0.5145000000000001,-1.4210854715202004e-14,-7.105427357601002e-15
0.515,1.4210854715202004e-14,1.7763568394002505e-14
0.5155000000000001,7.105427357601002e-15,-1.4210854715202004e-14
0.516,-2.1316282072803006e-14,-7.105427357601002e-15
0.5165,0.,0.
0.517,0.,3.552713678800501e-15
0.5175,-3.552713678800501e-14,-7.105427357601002e-15
0.518,-1.4210854715202004e-14,1.0658141036401503e-14
0.5185,0.,7.105427357601002e-15
0.519,7.105427357601002e-15,1.0658141036401503e-14
0.5195,-1.4210854715202004e-14,1.7763568394002505e-14
0.52,7.105427357601002e-15,1.7763568394002505e-14
0.5205,3.552713678800501e-14,3.552713678800501e-15
0.521,2.1316282072803006e-14,1.0658141036401503e-14
0.5215,-7.105427357601002e-15,-3.552713678800501e-15
0.522,7.105427357601002e-15,7.105427357601002e-15
0.5225,0.,0.
0.523,0.,0.
0.5235,0.,-1.4210854715202004e-14
0.524,1.4210854715202004e-14,-7.105427357601002e-15
0.5245,-2.1316282072803006e-14,2.1316282072803006e-14
0.525,0.,-7.105427357601002e-15
0.5255,2.1316282072803006e-14,1.4210854715202004e-14
0.526,0.,-7.105427357601002e-15
0.5265,-7.105427357601002e-15,1.0658141036401503e-14
0.527,7.105427357601002e-15,-3.552713678800501e-15
0.5275,-2.1316282072803006e-14,3.552713678800501e-15
0.528,-7.105427357601002e-15,0.
0.5285,-7.105427357601002e-15,0.
0.529,1.4210854715202004e-14,-1.0658141036401503e-14
0.5295,-7.105427357601002e-15,7.105427357601002e-15
0.53,-7.105427357601002e-15,-3.552713678800501e-15
0.5305,1.4210854715202004e-14,7.105427357601002e-15
0.531,-1.4210854715202004e-14,3.552713678800501e-15
0.5315,-1.4210854715202004e-14,-3.552713678800501e-15
0.532,1.4210854715202004e-14,3.552713678800501e-15
0.5325,-7.105427357601002e-15,3.552713678800501e-15
0.533,-1.4210854715202004e-14,1.0658141036401503e-14
0.5335,-7.105427357601002e-15,0.
0.534,2.1316282072803006e-14,3.552713678800501e-15
0.5345,7.105427357601002e-15,-1.0658141036401503e-14
0.535,0.,0.
0.5355,-1.4210854715202004e-14,-7.105427357601002e-15
0.536,-1.4210854715202004e-14,1.0658141036401503e-14
0.5365,3.552713678800501e-15,3.552713678800501e-15
0.537,1.0658141036401503e-14,1.4210854715202004e-14
0.5375,7.105427357601002e-15,1.4210854715202004e-14
0.538,0.,7.105427357601002e-15
0.5385,-1.4210854715202004e-14,-1.0658141036401503e-14
0.539,-3.552713678800501e-15,1.7763568394002505e-15
0.5395,-7.105427357601002e-15,1.0658141036401503e-14
0.54,7.105427357601002e-15,-7.105427357601002e-15
0.5405,7.105427357601002e-15,3.552713678800501e-15
0.541,-1.0658141036401503e-14,3.552713678800501e-15
0.5415,3.552713678800501e-15,-5.329070518200751e-15
0.542,-3.552713678800501e-15,1.9539925233402755e-14
0.5425,1.0658141036401503e-14,5.329070518200751e-15
0.543,0.,-7.105427357601002e-15
0.5435,1.4210854715202004e-14,7.105427357601002e-15
0.544,7.105427357601002e-15,0.
0.5445,7.105427357601002e-15,7.105427357601002e-15
0.545,0.,0.
0.5455,3.552713678800501e-15,-1.4210854715202004e-14
0.546,1.0658141036401503e-14,-8.881784197001252e-15
0.5465,3.552713678800501e-15,0.
0.547,7.105427357601002e-15,5.329070518200751e-15
0.5475,3.552713678800501e-15,-1.2434497875801753e-14
0.548,7.105427357601002e-15,1.4210854715202004e-14
0.5485,-1.4210854715202004e-14,8.881784197001252e-15
0.549,7.105427357601002e-15,-1.7763568394002505e-15
0.5495,1.0658141036401503e-14,0.
0.55,-1.0658141036401503e-14,-1.7763568394002505e-14
0.5505,-3.552713678800501e-14,-1.2434497875801753e-14
0.551,-7.105427357601002e-15,-5.329070518200751e-15
0.5515,1.0658141036401503e-14,2.1316282072803006e-14
0.552,-7.105427357601002e-15,0.
0.5525,3.552713678800501e-15,-3.552713678800501e-15
0.553,-3.552713678800501e-15,-1.0658141036401503e-14
0.5535,1.0658141036401503e-14,7.105427357601002e-15
0.554,-3.552713678800501e-15,-1.0658141036401503e-14
0.5545,3.552713678800501e-15,-1.0658141036401503e-14
0.555,-7.105427357601002e-15,-8.881784197001252e-15
0.5555,1.4210854715202004e-14,3.552713678800501e-15
0.556,-3.552713678800501e-15,1.0658141036401503e-14
0.5565,1.0658141036401503e-14,1.4210854715202004e-14
0.557,7.105427357601002e-15,0.
0.5575,3.552713678800501e-15,-8.881784197001252e-15
0.558,7.105427357601002e-15,1.4210854715202004e-14
0.5585,3.552713678800501e-15,-5.329070518200751e-15
0.559,1.0658141036401503e-14,1.7763568394002505e-15
0.5595,1.7763568394002505e-14,5.329070518200751e-15
0.56,0.,7.105427357601002e-15
0.5605,3.552713678800501e-15,-1.4210854715202004e-14
0.561,-1.4210854715202004e-14,0.
0.5615,-1.0658141036401503e-14,-8.881784197001252e-15
0.562,7.105427357601002e-15,1.4210854715202004e-14
0.5625,-3.552713678800501e-15,0.
0.5630000000000001,0.,-8.881784197001252e-15
0.5635,7.105427357601002e-15,0.
0.5640000000000001,3.552713678800501e-15,-1.7763568394002505e-15
0.5645,3.552713678800501e-15,3.552713678800501e-15
0.5650000000000001,-3.552713678800501e-15,-5.329070518200751e-15
0.5655,7.105427357601002e-15,-1.9539925233402755e-14
0.5660000000000001,1.4210854715202004e-14,7.105427357601002e-15
0.5665,-3.552713678800501e-15,1.7763568394002505e-15
0.5670000000000001,-1.0658141036401503e-14,0.
0.5675,0.,-7.105427357601002e-15
0.5680000000000001,1.0658141036401503e-14,0.
0.5685,-3.552713678800501e-15,-3.552713678800501e-15
0.5690000000000001,7.105427357601002e-15,1.0658141036401503e-14
0.5695,-1.0658141036401503e-14,3.552713678800501e-15
0.5700000000000001,0.,1.4210854715202004e-14
0.5705,-3.552713678800501e-15,1.2434497875801753e-14
0.5710000000000001,-1.0658141036401503e-14,-1.7763568394002505e-15
0.5715,3.552713678800501e-15,3.552713678800501e-15
0.5720000000000001,-1.4210854715202004e-14,-1.7763568394002505e-15
0.5725,1.0658141036401503e-14,-1.0658141036401503e-14
0.5730000000000001,-1.4210854715202004e-14,-7.105427357601002e-15
0.5735,1.0658141036401503e-14,-1.7763568394002505e-15
0.5740000000000001,1.4210854715202004e-14,-8.881784197001252e-15
0.5745,-3.552713678800501e-15,0.
0.5750000000000001,1.4210854715202004e-14,1.0658141036401503e-14
0.5755,1.0658141036401503e-14,-3.552713678800501e-15
0.5760000000000001,3.552713678800501e-15,7.105427357601002e-15
0.5765,1.0658141036401503e-14,3.552713678800501e-15
0.5770000000000001,0.,7.105427357601002e-15
0.5775,7.105427357601002e-15,7.105427357601002e-15
0.5780000000000001,1.4210854715202004e-14,-7.105427357601002e-15
0.5785,-1.0658141036401503e-14,-8.881784197001252e-15
0.5790000000000001,-7.105427357601002e-15,7.105427357601002e-15
0.5795,-3.552713678800501e-15,8.881784197001252e-15
0.58,1.7763568394002505e-14,0.
0.5805,0.,1.0658141036401503e-14
0.581,1.0658141036401503e-14,-8.881784197001252e-15
0.5815,-3.552713678800501e-15,3.552713678800501e-15
0.582,-1.7763568394002505e-14,0.
0.5825,1.7763568394002505e-14,8.881784197001252e-15
0.583,1.0658141036401503e-14,-1.7763568394002505e-15
0.5835,1.4210854715202004e-14,0.
0.584,-7.105427357601002e-15,-1.7763568394002505e-15
0.5845,0.,8.881784197001252e-15
0.585,0.,7.105427357601002e-15
0.5855,-7.105427357601002e-15,-1.0658141036401503e-14
0.586,3.552713678800501e-15,8.881784197001252e-15
0.5865,-1.0658141036401503e-14,-3.552713678800501e-15
0.587,-1.4210854715202004e-14,1.9539925233402755e-14
0.5875,0.,5.329070518200751e-15
0.588,-7.105427357601002e-15,1.0658141036401503e-14
0.5885,-1.0658141036401503e-14,7.105427357601002e-15
0.589,3.552713678800501e-15,1.0658141036401503e-14
0.5895,0.,-1.0658141036401503e-14
0.59,1.4210854715202004e-14,0.
0.5905,0.,8.881784197001252e-15
0.591,0.,1.7763568394002505e-15
0.5915,-1.7763568394002505e-14,8.881784197001252e-15
0.592,1.7763568394002505e-14,-1.7763568394002505e-15
0.5925,0.,-1.0658141036401503e-14
0.593,3.552713678800501e-15,1.7763568394002505e-15
0.5935,-3.552713678800501e-15,7.105427357601002e-15
0.594,7.105427357601002e-15,5.329070518200751e-15
0.5945,-3.552713678800501e-15,7.105427357601002e-15
0.595,3.552713678800501e-15,0.
0.5955,7.105427357601002e-15,-5.329070518200751e-15
0.596,-2.1316282072803006e-14,1.7763568394002505e-15
0.5965,-3.552713678800501e-15,-1.7763568394002505e-15
0.597,-3.552713678800501e-15,1.0658141036401503e-14
0.5975,-3.552713678800501e-15,-5.329070518200751e-15
0.598,-1.0658141036401503e-14,7.105427357601002e-15
0.5985,-3.552713678800501e-15,-7.105427357601002e-15
0.599,3.552713678800501e-15,1.2434497875801753e-14
0.5995,-7.105427357601002e-15,-5.329070518200751e-15
0.6,-3.552713678800501e-15,-5.329070518200751e-15
0.6005,1.4210854715202004e-14,1.7763568394002505e-15
0.601,-1.4210854715202004e-14,-5.329070518200751e-15
0.6015,3.552713678800501e-15,3.552713678800501e-15
0.602,-7.105427357601002e-15,-3.552713678800501e-15
0.6025,3.552713678800501e-15,1.2434497875801753e-14
0.603,7.105427357601002e-15,7.105427357601002e-15
0.6035,-1.4210854715202004e-14,-1.7763568394002505e-15
0.604,7.105427357601002e-15,-5.329070518200751e-15
0.6045,-1.4210854715202004e-14,1.7763568394002505e-15
0.605,3.552713678800501e-15,1.2434497875801753e-14
0.6055,0.,7.105427357601002e-15
0.606,7.105427357601002e-15,3.552713678800501e-15
0.6065,-3.552713678800501e-15,-8.881784197001252e-15
0.607,1.0658141036401503e-14,0.
0.6075,3.552713678800501e-15,3.552713678800501e-15
0.608,0.,-3.552713678800501e-15
0.6085,7.105427357601002e-15,1.0658141036401503e-14
0.609,-3.552713678800501e-15,1.0658141036401503e-14
0.6095,0.,1.7763568394002505e-14
0.61,-1.4210854715202004e-14,-1.7763568394002505e-15
0.6105,-1.0658141036401503e-14,8.881784197001252e-15
0.611,-1.7763568394002505e-14,-8.881784197001252e-15
0.6115,-3.552713678800501e-15,-7.105427357601002e-15
0.612,-1.7763568394002505e-14,-3.552713678800501e-15
0.6124999999999999,-3.552713678800501e-15,7.993605777301127e-15
0.613,3.552713678800501e-15,-8.881784197001252e-15
0.6134999999999999,3.552713678800501e-15,6.217248937900877e-15
0.614,0.,2.6645352591003757e-15
0.6144999999999999,0.,-8.881784197001252e-16
0.615,-2.1316282072803006e-14,-1.7763568394002505e-15
0.6154999999999999,1.4210854715202004e-14,2.6645352591003757e-15
0.616,-3.552713678800501e-15,6.217248937900877e-15
0.6164999999999999,-3.552713678800501e-15,2.6645352591003757e-15
0.617,7.105427357601002e-15,2.6645352591003757e-15
0.6174999999999999,-3.552713678800501e-15,7.105427357601002e-15
0.618,0.,-2.6645352591003757e-15
0.6184999999999999,7.105427357601002e-15,-6.217248937900877e-15
0.619,7.105427357601002e-15,-7.993605777301127e-15
0.6194999999999999,-7.105427357601002e-15,-8.881784197001252e-16
0.62,0.,8.881784197001252e-16
0.6204999999999999,3.552713678800501e-15,3.552713678800501e-15
0.621,0.,1.7763568394002505e-15
0.6214999999999999,-7.105427357601002e-15,7.105427357601002e-15
0.622,0.,3.552713678800501e-15
0.6224999999999999,7.105427357601002e-15,5.329070518200751e-15
0.623,7.105427357601002e-15,3.552713678800501e-15
0.6234999999999999,3.552713678800501e-15,-8.881784197001252e-16
0.624,1.4210854715202004e-14,2.6645352591003757e-15
0.6244999999999999,0.,5.329070518200751e-15
0.625,0.,5.329070518200751e-15
0.6255,7.105427357601002e-15,1.1546319456101628e-14
0.626,-3.552713678800501e-15,1.3322676295501878e-14
0.6265,3.552713678800501e-15,-1.7763568394002505e-15
0.627,-1.4210854715202004e-14,4.440892098500626e-15
0.6275,3.552713678800501e-15,7.993605777301127e-15
0.628,7.105427357601002e-15,5.329070518200751e-15
0.6285,-1.7763568394002505e-14,-5.329070518200751e-15
0.629,-1.0658141036401503e-14,-2.6645352591003757e-15
0.6295,7.105427357601002e-15,6.217248937900877e-15
0.63,3.552713678800501e-15,8.881784197001252e-16
0.6305,3.552713678800501e-15,-2.6645352591003757e-15
0.631,7.105427357601002e-15,8.881784197001252e-15
0.6315,3.552713678800501e-15,6.217248937900877e-15
0.632,3.552713678800501e-15,7.105427357601002e-15
0.6325,1.0658141036401503e-14,0.
0.633,-1.0658141036401503e-14,7.105427357601002e-15
0.6335,7.105427357601002e-15,9.769962616701378e-15
0.634,-3.552713678800501e-15,1.7763568394002505e-15
0.6345,7.105427357601002e-15,-4.440892098500626e-15
0.635,-1.4210854715202004e-14,8.881784197001252e-16
0.6355,3.552713678800501e-15,7.993605777301127e-15
0.636,3.552713678800501e-15,4.440892098500626e-15
0.6365,-3.552713678800501e-15,1.0658141036401503e-14
0.637,0.,-1.7763568394002505e-15
0.6375,3.552713678800501e-15,7.993605777301127e-15
0.638,7.105427357601002e-15,-8.881784197001252e-16
0.6385,7.105427357601002e-15,4.440892098500626e-15
0.639,1.0658141036401503e-14,3.552713678800501e-15
0.6395,-3.552713678800501e-15,5.329070518200751e-15
0.64,-1.0658141036401503e-14,-7.993605777301127e-15
0.6405,0.,-1.7763568394002505e-15
0.641,3.552713678800501e-15,6.217248937900877e-15
0.6415,7.105427357601002e-15,4.440892098500626e-15
0.642,-1.0658141036401503e-14,-7.105427357601002e-15
0.6425,3.552713678800501e-15,-8.881784197001252e-16
0.643,1.0658141036401503e-14,4.440892098500626e-15
0.6435,3.552713678800501e-15,0.
0.644,7.105427357601002e-15,1.7763568394002505e-15
0.6445,7.105427357601002e-15,8.881784197001252e-16
0.645,-1.4210854715202004e-14,4.440892098500626e-15
0.6455,3.552713678800501e-15,0.
0.646,-3.552713678800501e-15,-7.105427357601002e-15
0.6465,1.0658141036401503e-14,-5.329070518200751e-15
0.647,1.4210854715202004e-14,8.881784197001252e-16
0.6475,0.,-4.440892098500626e-15
0.648,0.,2.6645352591003757e-15
0.6485,7.105427357601002e-15,-8.881784197001252e-16
0.649,-7.105427357601002e-15,8.881784197001252e-16
0.6495,0.,1.7763568394002505e-15
0.65,-3.552713678800501e-15,-8.881784197001252e-16
0.6505,7.105427357601002e-15,6.217248937900877e-15
0.651,7.105427357601002e-15,8.881784197001252e-16
0.6515,3.552713678800501e-15,8.881784197001252e-15
0.652,7.105427357601002e-15,-8.881784197001252e-16
0.6525,-1.7763568394002505e-14,-8.881784197001252e-16
0.653,-3.552713678800501e-15,1.0658141036401503e-14
0.6535,0.,0.
0.654,-7.105427357601002e-15,-2.6645352591003757e-15
0.6545,-3.552713678800501e-15,-3.552713678800501e-15
0.655,7.105427357601002e-15,-2.6645352591003757e-15
0.6555,-1.4210854715202004e-14,1.0658141036401503e-14
0.656,3.552713678800501e-15,5.329070518200751e-15
0.6565,0.,8.881784197001252e-16
0.657,-3.552713678800501e-15,2.6645352591003757e-15
0.6575,3.552713678800501e-15,-2.6645352591003757e-15
0.658,7.105427357601002e-15,8.881784197001252e-16
0.6585,0.,7.993605777301127e-15
0.659,0.,5.329070518200751e-15
0.6595,7.105427357601002e-15,-8.881784197001252e-16
0.66,3.552713678800501e-15,-8.881784197001252e-16
0.6605,0.,8.881784197001252e-16
0.661,-3.552713678800501e-15,-2.6645352591003757e-15
0.6615,-3.552713678800501e-15,1.0658141036401503e-14
0.662,-3.552713678800501e-15,-2.6645352591003757e-15
0.6625,-1.0658141036401503e-14,8.881784197001252e-16
0.663,7.105427357601002e-15,1.0658141036401503e-14
0.6635,7.105427357601002e-15,-7.549516567451064e-15
0.664,0.,-2.220446049250313e-15
0.6645,1.0658141036401503e-14,-7.993605777301127e-15
0.665,0.,5.329070518200751e-15
0.6655,3.552713678800501e-15,4.884981308350689e-15
0.666,3.552713678800501e-15,-1.3322676295501878e-15
0.6665,3.552713678800501e-15,-3.1086244689504383e-15
0.667,-3.552713678800501e-15,-5.329070518200751e-15
0.6675,7.105427357601002e-15,-1.3322676295501878e-15
0.668,-7.105427357601002e-15,1.1546319456101628e-14
0.6685,0.,-2.6645352591003757e-15
0.669,3.552713678800501e-15,-1.3322676295501878e-15
0.6695,-7.105427357601002e-15,-8.881784197001252e-16
0.67,-3.552713678800501e-15,8.881784197001252e-16
0.6705,-3.552713678800501e-15,1.3322676295501878e-15
0.671,3.552713678800501e-15,3.1086244689504383e-15
0.6715,1.0658141036401503e-14,3.1086244689504383e-15
0.672,-1.0658141036401503e-14,-2.220446049250313e-15
0.6725,3.552713678800501e-15,8.881784197001252e-16
0.673,0.,5.329070518200751e-15
0.6735,3.552713678800501e-15,-3.552713678800501e-15
0.674,3.552713678800501e-15,7.993605777301127e-15
0.6745,-1.0658141036401503e-14,9.325873406851315e-15
0.675,7.105427357601002e-15,6.661338147750939e-15
0.6755,-1.0658141036401503e-14,-8.43769498715119e-15
0.676,-3.552713678800501e-15,-1.7763568394002505e-15
0.6765,8.881784197001252e-15,4.440892098500626e-15
0.6769999999999999,-1.7763568394002505e-15,6.661338147750939e-15
0.6775,-3.552713678800501e-15,8.881784197001252e-16
0.6779999999999999,7.105427357601002e-15,3.552713678800501e-15
0.6785,0.,3.552713678800501e-15
0.6789999999999999,-1.7763568394002505e-15,7.993605777301127e-15
0.6795,3.552713678800501e-15,0.
0.6799999999999999,-1.7763568394002505e-15,1.7763568394002505e-15
0.6805,-5.329070518200751e-15,3.1086244689504383e-15
0.6809999999999999,3.552713678800501e-15,3.552713678800501e-15
0.6815,0.,-3.552713678800501e-15
0.6819999999999999,7.105427357601002e-15,1.3322676295501878e-15
0.6825,5.329070518200751e-15,-4.440892098500626e-16
0.6829999999999999,-3.552713678800501e-15,2.220446049250313e-15
0.6835,-3.552713678800501e-15,1.7763568394002505e-15
0.6839999999999999,-1.0658141036401503e-14,-4.884981308350689e-15
0.6845,5.329070518200751e-15,7.993605777301127e-15
0.6849999999999999,3.552713678800501e-15,7.105427357601002e-15
0.6855,1.0658141036401503e-14,3.552713678800501e-15
0.6859999999999999,-3.552713678800501e-15,1.3322676295501878e-15
0.6865,3.552713678800501e-15,-8.881784197001252e-16
0.6869999999999999,1.7763568394002505e-15,-3.9968028886505635e-15
0.6875,1.2434497875801753e-14,-8.881784197001252e-16
0.688,-5.329070518200751e-15,-2.6645352591003757e-15
0.6885,-7.105427357601002e-15,1.3322676295501878e-15
0.689,0.,8.881784197001252e-15
0.6895,-5.329070518200751e-15,2.220446049250313e-15
0.69,-7.105427357601002e-15,5.773159728050814e-15
0.6905,-7.105427357601002e-15,-2.6645352591003757e-15
0.691,-3.552713678800501e-15,-3.1086244689504383e-15
0.6915,-5.329070518200751e-15,1.7763568394002505e-15
0.692,3.552713678800501e-15,4.440892098500626e-15
0.6925,1.7763568394002505e-15,1.3322676295501878e-15
0.693,-1.7763568394002505e-15,5.329070518200751e-15
0.6935,1.7763568394002505e-15,-2.6645352591003757e-15
0.694,3.552713678800501e-15,-5.773159728050814e-15
0.6945,0.,-2.6645352591003757e-15
0.695,3.552713678800501e-15,-7.105427357601002e-15
0.6955,-3.552713678800501e-15,-7.105427357601002e-15
0.696,5.329070518200751e-15,-3.1086244689504383e-15
0.6965,-1.7763568394002505e-15,-4.440892098500626e-16
0.697,0.,-1.1102230246251565e-15
0.6975,-7.105427357601002e-15,0.
0.698,0.,3.552713678800501e-15
0.6985,8.881784197001252e-15,2.220446049250313e-16
0.699,3.552713678800501e-15,8.881784197001252e-16
0.6995,0.,4.6629367034256575e-15
0.7,-3.552713678800501e-15,2.6645352591003757e-15
0.7005,5.329070518200751e-15,1.3322676295501878e-15
0.701,1.7763568394002505e-15,-1.9984014443252818e-15
0.7015,0.,2.886579864025407e-15
0.702,5.329070518200751e-15,3.552713678800501e-15
0.7025,3.552713678800501e-15,-1.9984014443252818e-15
0.703,1.0658141036401503e-14,-4.884981308350689e-15
0.7035,1.0658141036401503e-14,7.327471962526033e-15
0.704,0.,5.773159728050814e-15
0.7045,5.329070518200751e-15,-3.774758283725532e-15
0.705,-8.881784197001252e-15,-4.6629367034256575e-15
0.7055,0.,1.5543122344752192e-15
0.706,0.,0.
0.7065,-1.0658141036401503e-14,-1.1102230246251565e-15
0.707,5.329070518200751e-15,2.4424906541753444e-15
0.7075,-3.552713678800501e-15,1.5543122344752192e-15
0.708,3.552713678800501e-15,-2.6645352591003757e-15
0.7085,-8.881784197001252e-15,0.
0.709,5.329070518200751e-15,1.5543122344752192e-15
0.7095,-8.881784197001252e-15,1.5543122344752192e-15
0.71,-8.881784197001252e-15,1.7763568394002505e-15
0.7105,7.105427357601002e-15,6.661338147750939e-16
0.711,-7.105427357601002e-15,3.552713678800501e-15
0.7115,5.329070518200751e-15,-6.8833827526759706e-15
0.712,-3.552713678800501e-15,8.881784197001252e-16
0.7125,1.7763568394002505e-15,-2.4424906541753444e-15
0.713,-1.2434497875801753e-14,-1.7763568394002505e-15
0.7135,0.,-2.220446049250313e-16
0.714,1.7763568394002505e-15,5.995204332975845e-15
0.7145,-1.7763568394002505e-15,-4.440892098500626e-16
0.715,5.329070518200751e-15,3.552713678800501e-15
0.7155,1.7763568394002505e-15,-2.4424906541753444e-15
0.716,1.7763568394002505e-15,1.7763568394002505e-15
0.7165,5.329070518200751e-15,-5.10702591327572e-15
0.717,0.,-1.3322676295501878e-15
0.7175,-1.7763568394002505e-15,1.5543122344752192e-15
0.718,-5.329070518200751e-15,-8.881784197001252e-16
0.7185,0.,4.551914400963142e-15
0.719,5.329070518200751e-15,-3.552713678800501e-15
0.7195,7.105427357601002e-15,-4.218847493575595e-15
0.72,-1.7763568394002505e-15,5.551115123125783e-16
0.7205,3.552713678800501e-15,1.6653345369377348e-15
0.721,1.7763568394002505e-15,1.1102230246251565e-15
0.7215,-3.552713678800501e-15,-2.220446049250313e-15
0.722,3.552713678800501e-15,-1.7763568394002505e-15
0.7225,3.552713678800501e-15,4.440892098500626e-15
0.723,-1.7763568394002505e-15,-6.439293542825908e-15
0.7235,-5.329070518200751e-15,-2.220446049250313e-16
0.724,1.7763568394002505e-15,2.7755575615628914e-15
0.7245,8.881784197001252e-15,-3.3306690738754696e-16
0.725,1.7763568394002505e-15,3.774758283725532e-15
0.7255,5.329070518200751e-15,5.10702591327572e-15
0.726,0.,1.6653345369377348e-15
0.7265,-1.7763568394002505e-15,0.
0.727,-3.552713678800501e-15,1.5543122344752192e-15
0.7275,8.881784197001252e-15,1.5543122344752192e-15
0.728,-3.552713678800501e-15,-1.1102230246251565e-15
0.7285,5.329070518200751e-15,-5.551115123125783e-15
0.729,7.105427357601002e-15,-8.881784197001252e-16
0.7295,8.881784197001252e-15,5.551115123125783e-15
0.73,0.,5.551115123125783e-15
0.7305,1.7763568394002505e-15,4.218847493575595e-15
0.731,1.0658141036401503e-14,-6.661338147750939e-16
0.7315,0.,2.4424906541753444e-15
0.732,3.552713678800501e-15,1.5543122344752192e-15
0.7325,-3.552713678800501e-15,-1.7763568394002505e-15
0.733,-5.329070518200751e-15,1.3322676295501878e-15
0.7335,-3.552713678800501e-15,0.
0.734,-7.105427357601002e-15,2.6645352591003757e-15
0.7345,3.552713678800501e-15,-1.3322676295501878e-15
0.735,7.105427357601002e-15,-1.9984014443252818e-15
0.7355,-5.329070518200751e-15,2.6645352591003757e-15
0.736,5.329070518200751e-15,-8.881784197001252e-16
0.7365,0.,3.1086244689504383e-15
0.737,5.329070518200751e-15,-5.10702591327572e-15
0.7375,0.,-2.6645352591003757e-15
0.738,-1.7763568394002505e-15,8.881784197001252e-16
0.7385,1.7763568394002505e-15,4.218847493575595e-15
0.739,-1.7763568394002505e-15,1.3322676295501878e-15
0.7395,0.,-1.3322676295501878e-15
0.74,3.552713678800501e-15,2.6645352591003757e-15
0.7404999999999999,-3.552713678800501e-15,-6.661338147750939e-16
0.741,0.,-1.3322676295501878e-15
0.7414999999999999,0.,3.1086244689504383e-15
0.742,1.7763568394002505e-15,-3.774758283725532e-15
0.7424999999999999,1.7763568394002505e-15,-6.661338147750939e-16
0.743,-1.7763568394002505e-15,-3.1086244689504383e-15
0.7434999999999999,-5.329070518200751e-15,8.881784197001252e-16
0.744,1.7763568394002505e-15,8.881784197001252e-16
0.7444999999999999,0.,6.661338147750939e-16
0.745,0.,8.881784197001252e-16
0.7454999999999999,3.552713678800501e-15,4.218847493575595e-15
0.746,0.,-6.661338147750939e-16
0.7464999999999999,1.7763568394002505e-15,8.881784197001252e-16
0.747,-5.329070518200751e-15,-6.661338147750939e-16
0.7474999999999999,-1.7763568394002505e-15,-3.3306690738754696e-15
0.748,5.329070518200751e-15,6.217248937900877e-15
0.7484999999999999,-1.7763568394002505e-15,-2.220446049250313e-15
0.749,0.,-1.7763568394002505e-15
0.7494999999999999,5.329070518200751e-15,-8.881784197001252e-16
0.75,0.,-6.661338147750939e-16
0.7505,-1.7763568394002505e-15,0.
0.751,7.105427357601002e-15,1.3322676295501878e-15
0.7515,-3.552713678800501e-15,2.4424906541753444e-15
0.752,-5.329070518200751e-15,2.886579864025407e-15
0.7525,3.552713678800501e-15,0.
0.753,-1.7763568394002505e-15,1.5543122344752192e-15
0.7535,-5.329070518200751e-15,-4.440892098500626e-16
0.754,5.329070518200751e-15,1.7763568394002505e-15
0.7545,-1.7763568394002505e-15,-3.9968028886505635e-15
0.755,-1.7763568394002505e-15,0.
0.7555,3.552713678800501e-15,6.661338147750939e-16
0.756,1.7763568394002505e-15,-1.5543122344752192e-15
0.7565,1.7763568394002505e-15,4.440892098500626e-16
0.757,0.,0.
0.7575,-5.329070518200751e-15,2.220446049250313e-15
0.758,-3.552713678800501e-15,-3.774758283725532e-15
0.7585,3.552713678800501e-15,-1.7763568394002505e-15
0.759,5.329070518200751e-15,-2.886579864025407e-15
0.7595,-1.7763568394002505e-15,5.10702591327572e-15
0.76,0.,1.9984014443252818e-15
0.7605,0.,1.3322676295501878e-15
0.761,3.552713678800501e-15,1.5543122344752192e-15
0.7615,1.7763568394002505e-15,-1.1102230246251565e-15
0.762,-1.7763568394002505e-15,8.881784197001252e-16
0.7625,-3.552713678800501e-15,-2.6645352591003757e-15
0.763,1.7763568394002505e-15,-1.9984014443252818e-15
0.7635,1.7763568394002505e-15,-1.7763568394002505e-15
0.764,0.,-1.3322676295501878e-15
0.7645,3.552713678800501e-15,4.440892098500626e-16
0.765,-2.6645352591003757e-15,4.440892098500626e-16
0.7655,-2.6645352591003757e-15,1.5543122344752192e-15
0.766,-8.881784197001252e-16,5.995204332975845e-15
0.7665,0.,2.220446049250313e-15
0.767,3.552713678800501e-15,4.218847493575595e-15
0.7675,2.6645352591003757e-15,1.3322676295501878e-15
0.768,-6.217248937900877e-15,1.3322676295501878e-15
0.7685,2.6645352591003757e-15,2.220446049250313e-16
0.769,-1.7763568394002505e-15,-6.661338147750939e-16
0.7695,6.217248937900877e-15,2.6645352591003757e-15
0.77,-8.881784197001252e-16,2.220446049250313e-15
0.7705,0.,4.440892098500626e-16
0.771,3.552713678800501e-15,1.9984014443252818e-15
0.7715,1.7763568394002505e-15,-2.220446049250313e-16
0.772,-8.881784197001252e-16,-4.440892098500626e-16
0.7725,5.329070518200751e-15,2.886579864025407e-15
0.773,1.7763568394002505e-15,-8.881784197001252e-16
0.7735,8.881784197001252e-16,1.5543122344752192e-15
0.774,8.881784197001252e-16,-6.661338147750939e-16
0.7745,-3.552713678800501e-15,-8.881784197001252e-16
0.775,8.881784197001252e-16,1.3322676295501878e-15
0.7755,0.,-2.6645352591003757e-15
0.776,-8.881784197001252e-16,8.881784197001252e-16
0.7765,0.,1.7763568394002505e-15
0.777,3.552713678800501e-15,-1.5543122344752192e-15
0.7775,-4.440892098500626e-15,2.6645352591003757e-15
0.778,7.105427357601002e-15,2.4424906541753444e-15
0.7785,8.881784197001252e-16,2.886579864025407e-15
0.779,-1.7763568394002505e-15,1.3322676295501878e-15
0.7795,0.,1.3322676295501878e-15
0.78,8.881784197001252e-16,-4.6629367034256575e-15
0.7805,3.552713678800501e-15,-2.220446049250313e-15
0.781,2.6645352591003757e-15,1.5543122344752192e-15
0.7815,0.,1.1102230246251565e-15
0.782,-1.7763568394002505e-15,4.440892098500626e-16
0.7825,-4.440892098500626e-15,-1.7763568394002505e-15
0.783,-2.6645352591003757e-15,8.881784197001252e-16
0.7835,-8.881784197001252e-16,2.6645352591003757e-15
0.784,-4.440892098500626e-15,2.886579864025407e-15
0.7845,-8.881784197001252e-16,2.220446049250313e-16
0.785,1.7763568394002505e-15,1.5543122344752192e-15
0.7855,6.217248937900877e-15,1.3322676295501878e-15
0.786,5.329070518200751e-15,-1.3322676295501878e-15
0.7865,1.7763568394002505e-15,3.3306690738754696e-15
0.787,1.7763568394002505e-15,2.886579864025407e-15
0.7875,-2.6645352591003757e-15,2.220446049250313e-15
0.788,1.7763568394002505e-15,-2.886579864025407e-15
0.7885,-1.7763568394002505e-15,2.220446049250313e-15
0.789,2.6645352591003757e-15,-1.9984014443252818e-15
0.7895,0.,8.881784197001252e-16
0.79,5.329070518200751e-15,-1.9984014443252818e-15
0.7905,4.440892098500626e-15,-6.661338147750939e-16
0.791,1.7763568394002505e-15,6.661338147750939e-16
0.7915,3.552713678800501e-15,-3.552713678800501e-15
0.792,1.7763568394002505e-15,1.1102230246251565e-15
0.7925,-1.7763568394002505e-15,2.220446049250313e-16
0.793,-1.7763568394002505e-15,-6.661338147750939e-16
0.7935,-1.7763568394002505e-15,-1.9984014443252818e-15
0.794,8.881784197001252e-16,-1.7763568394002505e-15
0.7945,2.6645352591003757e-15,-1.7763568394002505e-15
0.795,1.7763568394002505e-15,1.3322676295501878e-15
0.7955,3.552713678800501e-15,6.661338147750939e-16
0.796,0.,-8.881784197001252e-16
0.7965,4.440892098500626e-15,-8.881784197001252e-16
0.797,1.7763568394002505e-15,-3.9968028886505635e-15
0.7975,0.,2.220446049250313e-16
0.798,2.6645352591003757e-15,-6.661338147750939e-16
0.7985,0.,1.3322676295501878e-15
0.799,1.7763568394002505e-15,1.9984014443252818e-15
0.7995,8.881784197001252e-16,3.9968028886505635e-15
0.8,3.552713678800501e-15,1.5543122344752192e-15
0.8005,-8.881784197001252e-16,1.9984014443252818e-15
0.801,2.6645352591003757e-15,-4.440892098500626e-16
0.8015,-4.440892098500626e-15,-4.440892098500626e-16
0.802,1.7763568394002505e-15,2.220446049250313e-15
0.8025,-2.6645352591003757e-15,-2.4424906541753444e-15
0.803,1.7763568394002505e-15,0.
0.8035,1.7763568394002505e-15,-1.3322676295501878e-15
0.8039999999999999,1.7763568394002505e-15,-1.1102230246251565e-15
0.8045,3.552713678800501e-15,-2.4424906541753444e-15
0.8049999999999999,5.329070518200751e-15,2.886579864025407e-15
0.8055,3.552713678800501e-15,6.661338147750939e-16
0.8059999999999999,-8.881784197001252e-16,4.440892098500626e-16
0.8065,-2.6645352591003757e-15,1.3322676295501878e-15
0.8069999999999999,1.7763568394002505e-15,0.
0.8075,2.6645352591003757e-15,-6.661338147750939e-16
0.8079999999999999,-8.881784197001252e-16,-4.440892098500626e-16
0.8085,2.6645352591003757e-15,8.881784197001252e-16
0.8089999999999999,0.,8.881784197001252e-16
0.8095,1.7763568394002505e-15,3.552713678800501e-15
0.8099999999999999,2.6645352591003757e-15,-1.5543122344752192e-15
0.8105,1.7763568394002505e-15,6.661338147750939e-16
0.8109999999999999,-8.881784197001252e-16,-2.220446049250313e-16
0.8115,8.881784197001252e-16,-2.4424906541753444e-15
0.8119999999999999,8.881784197001252e-16,8.881784197001252e-16
0.8125,0.,1.9984014443252818e-15
0.813,0.,-4.440892098500626e-16
0.8135,1.7763568394002505e-15,-4.440892098500626e-16
0.814,1.7763568394002505e-15,0.
0.8145,0.,3.552713678800501e-15
0.815,8.881784197001252e-16,-2.220446049250313e-16
0.8155,-1.7763568394002505e-15,-1.3322676295501878e-15
0.816,0.,0.
0.8165,2.6645352591003757e-15,1.1102230246251565e-15
0.817,-8.881784197001252e-16,-1.9984014443252818e-15
0.8175,-1.7763568394002505e-15,-1.1102230246251565e-15
0.818,-2.6645352591003757e-15,-2.220446049250313e-16
0.8185,-1.7763568394002505e-15,-2.886579864025407e-15
0.819,8.881784197001252e-16,-6.661338147750939e-16
0.8195,1.7763568394002505e-15,-1.9984014443252818e-15
0.82,0.,-1.7763568394002505e-15
0.8205,1.7763568394002505e-15,-2.6645352591003757e-15
0.821,-2.6645352591003757e-15,4.440892098500626e-16
0.8215,-1.7763568394002505e-15,-1.1102230246251565e-15
0.822,6.217248937900877e-15,-2.220446049250313e-15
0.8225,8.881784197001252e-16,-8.881784197001252e-16
0.823,-1.7763568394002505e-15,-2.220446049250313e-15
0.8235,-3.552713678800501e-15,2.220446049250313e-16
0.824,4.440892098500626e-15,-1.9984014443252818e-15
0.8245,-2.6645352591003757e-15,-1.3322676295501878e-15
0.825,-2.6645352591003757e-15,0.
0.8255,3.552713678800501e-15,-2.6645352591003757e-15
0.826,4.440892098500626e-16,-3.3306690738754696e-15
0.8265,0.,1.5543122344752192e-15
0.827,-8.881784197001252e-16,-2.220446049250313e-16
0.8275,0.,2.6645352591003757e-15
0.828,4.440892098500626e-16,-2.220446049250313e-16
0.8285,1.7763568394002505e-15,1.3322676295501878e-15
0.829,4.440892098500626e-16,1.7763568394002505e-15
0.8295,8.881784197001252e-16,-1.3322676295501878e-15
0.83,0.,1.3322676295501878e-15
0.8305,1.7763568394002505e-15,8.881784197001252e-16
0.831,-1.3322676295501878e-15,-8.881784197001252e-16
0.8315,-1.7763568394002505e-15,-1.5543122344752192e-15
0.832,-4.440892098500626e-16,-1.5543122344752192e-15
0.8325,3.1086244689504383e-15,8.881784197001252e-16
0.833,1.3322676295501878e-15,0.
0.8335,-1.3322676295501878e-15,-1.1102230246251565e-15
0.834,-8.881784197001252e-16,-1.5543122344752192e-15
0.8345,3.552713678800501e-15,0.
0.835,4.440892098500626e-16,1.7763568394002505e-15
0.8355,8.881784197001252e-16,-1.3322676295501878e-15
0.836,8.881784197001252e-16,-6.661338147750939e-16
0.8365,8.881784197001252e-16,-6.661338147750939e-16
0.837,3.1086244689504383e-15,0.
0.8375,0.,1.5543122344752192e-15
0.838,1.7763568394002505e-15,1.1102230246251565e-15
0.8385,-2.6645352591003757e-15,-2.220446049250313e-16
0.839,-8.881784197001252e-16,-2.220446049250313e-16
0.8395,8.881784197001252e-16,8.881784197001252e-16
0.84,-1.7763568394002505e-15,-2.220446049250313e-16
0.8405,-2.6645352591003757e-15,0.
0.841,-2.6645352591003757e-15,-1.3322676295501878e-15
0.8415,1.7763568394002505e-15,1.9984014443252818e-15
0.842,0.,-1.5543122344752192e-15
0.8425,4.440892098500626e-16,-1.7763568394002505e-15
0.843,4.440892098500626e-16,-2.220446049250313e-15
0.8435,2.6645352591003757e-15,-8.881784197001252e-16
0.844,4.440892098500626e-16,0.
0.8445,4.440892098500626e-15,-1.3322676295501878e-15
0.845,4.440892098500626e-16,8.881784197001252e-16
0.8455,-8.881784197001252e-16,4.440892098500626e-16
0.846,-4.440892098500626e-16,-1.5543122344752192e-15
0.8465,0.,1.3322676295501878e-15
0.847,0.,1.3322676295501878e-15
0.8475,2.6645352591003757e-15,0.
0.848,-4.440892098500626e-16,2.220446049250313e-16
0.8485,-4.440892098500626e-16,2.220446049250313e-16
0.849,-1.3322676295501878e-15,-1.9984014443252818e-15
0.8495,1.3322676295501878e-15,8.881784197001252e-16
0.85,0.,-8.881784197001252e-16
0.8505,8.881784197001252e-16,8.881784197001252e-16
0.851,-2.220446049250313e-15,-1.1102230246251565e-15
0.8515,4.440892098500626e-16,-2.886579864025407e-15
0.852,-8.881784197001252e-16,8.881784197001252e-16
0.8525,-4.440892098500626e-16,-1.1102230246251565e-15
0.853,1.7763568394002505e-15,-4.440892098500626e-16
0.8535,4.440892098500626e-16,2.220446049250313e-16
0.854,-1.7763568394002505e-15,-6.661338147750939e-16
0.8545,-3.552713678800501e-15,0.
0.855,-3.1086244689504383e-15,-3.1086244689504383e-15
0.8555,2.220446049250313e-15,4.440892098500626e-16
0.856,-4.440892098500626e-16,8.881784197001252e-16
0.8565,-1.7763568394002505e-15,0.
0.857,-4.440892098500626e-16,-6.661338147750939e-16
0.8575,-1.3322676295501878e-15,8.881784197001252e-16
0.858,4.440892098500626e-16,-6.661338147750939e-16
0.8585,1.7763568394002505e-15,1.3322676295501878e-15
0.859,8.881784197001252e-16,6.661338147750939e-16
0.8595,0.,4.440892098500626e-16
0.86,2.220446049250313e-15,4.440892098500626e-16
0.8605,0.,0.
0.861,0.,-6.661338147750939e-16
0.8615,8.881784197001252e-16,1.1102230246251565e-15
0.862,8.881784197001252e-16,-4.440892098500626e-16
0.8625,4.440892098500626e-16,0.
0.863,0.,1.3322676295501878e-15
0.8635,8.881784197001252e-16,1.5543122344752192e-15
0.864,-8.881784197001252e-16,-6.661338147750939e-16
0.8645,8.881784197001252e-16,-1.3322676295501878e-15
0.865,2.220446049250313e-15,4.440892098500626e-16
0.8655,0.,-4.440892098500626e-16
0.866,4.440892098500626e-16,-1.9984014443252818e-15
0.8665,0.,1.3322676295501878e-15
0.867,-4.440892098500626e-16,-6.661338147750939e-16
0.8675,1.1102230246251565e-15,-1.3322676295501878e-15
0.868,1.5543122344752192e-15,2.220446049250313e-16
0.8684999999999999,4.440892098500626e-16,-2.220446049250313e-16
0.869,-4.440892098500626e-16,6.661338147750939e-16
0.8694999999999999,2.220446049250313e-16,4.440892098500626e-16
0.87,-1.3322676295501878e-15,-1.1102230246251565e-15
0.8704999999999999,2.220446049250313e-15,8.881784197001252e-16
0.871,-1.3322676295501878e-15,4.440892098500626e-16
0.8714999999999999,-4.440892098500626e-16,-1.7763568394002505e-15
0.872,-8.881784197001252e-16,6.661338147750939e-16
0.8724999999999999,1.3322676295501878e-15,-1.7763568394002505e-15
0.873,2.220446049250313e-16,-1.5543122344752192e-15
0.8734999999999999,1.3322676295501878e-15,-2.220446049250313e-16
0.874,2.220446049250313e-15,0.
0.8744999999999999,1.7763568394002505e-15,0.
0.875,-8.881784197001252e-16,-2.220446049250313e-16
0.8755,0.,1.7763568394002505e-15
0.876,-2.220446049250313e-16,4.440892098500626e-16
0.8765,1.3322676295501878e-15,-2.220446049250313e-16
0.877,-2.220446049250313e-16,2.220446049250313e-16
0.8775,-1.7763568394002505e-15,-2.220446049250313e-16
0.878,-2.886579864025407e-15,-1.1102230246251565e-15
0.8785,-2.220446049250313e-16,2.220446049250313e-16
0.879,-4.440892098500626e-16,-4.440892098500626e-16
0.8795,-4.440892098500626e-16,-6.661338147750939e-16
0.88,1.9984014443252818e-15,-8.881784197001252e-16
0.8805,8.881784197001252e-16,-2.220446049250313e-16
0.881,-1.7763568394002505e-15,2.220446049250313e-16
0.8815,2.6645352591003757e-15,6.661338147750939e-16
0.882,0.,-2.220446049250313e-16
0.8825,1.1102230246251565e-15,8.881784197001252e-16
0.883,2.220446049250313e-15,-1.7763568394002505e-15
0.8835,0.,6.661338147750939e-16
0.884,-6.661338147750939e-16,1.7763568394002505e-15
0.8845,-8.881784197001252e-16,-8.881784197001252e-16
0.885,0.,8.881784197001252e-16
0.8855,-1.1102230246251565e-15,-6.661338147750939e-16
0.886,2.220446049250313e-16,-4.440892098500626e-16
0.8865,-1.1102230246251565e-15,4.440892098500626e-16
0.887,0.,2.220446049250313e-16
0.8875,-4.440892098500626e-16,-8.881784197001252e-16
0.888,2.220446049250313e-16,4.440892098500626e-16
0.8885,-1.3322676295501878e-15,-2.220446049250313e-16
0.889,1.3322676295501878e-15,-6.661338147750939e-16
0.8895,-8.881784197001252e-16,1.1102230246251565e-15
0.89,1.3322676295501878e-15,0.
0.8905,-4.440892098500626e-16,-2.220446049250313e-16
0.891,2.220446049250313e-16,0.
0.8915,-8.881784197001252e-16,4.440892098500626e-16
0.892,-4.440892098500626e-16,2.220446049250313e-16
0.8925,6.661338147750939e-16,-4.440892098500626e-16
0.893,2.220446049250313e-16,-1.1102230246251565e-15
0.8935,-1.9984014443252818e-15,-4.440892098500626e-16
0.894,8.881784197001252e-16,-6.661338147750939e-16
0.8945,-1.1102230246251565e-15,4.440892098500626e-16
0.895,-4.440892098500626e-16,-2.220446049250313e-16
0.8955,2.220446049250313e-16,-6.661338147750939e-16
0.896,1.1102230246251565e-16,1.9984014443252818e-15
0.8965,1.1102230246251565e-16,0.
0.897,-8.881784197001252e-16,-1.7763568394002505e-15
0.8975,-9.992007221626409e-16,2.220446049250313e-16
0.898,8.881784197001252e-16,-6.661338147750939e-16
0.8985,1.2212453270876722e-15,4.440892098500626e-16
0.899,-8.881784197001252e-16,-1.1102230246251565e-15
0.8995,0.,0.
0.9,6.661338147750939e-16,1.1102230246251565e-15
0.9005,1.3322676295501878e-15,-6.661338147750939e-16
0.901,-8.881784197001252e-16,2.220446049250313e-16
0.9015,1.4432899320127035e-15,2.220446049250313e-16
0.902,3.3306690738754696e-16,-8.881784197001252e-16
0.9025,1.2212453270876722e-15,1.3322676295501878e-15
0.903,-4.440892098500626e-16,2.220446049250313e-16
0.9035,1.1102230246251565e-16,0.
0.904,2.220446049250313e-16,-2.220446049250313e-16
0.9045,-1.1102230246251565e-16,4.440892098500626e-16
0.905,9.992007221626409e-16,-2.6645352591003757e-15
0.9055,8.881784197001252e-16,0.
0.906,-1.1102230246251565e-15,0.
0.9065,-7.771561172376096e-16,0.
0.907,1.1102230246251565e-16,-8.881784197001252e-16
0.9075,3.3306690738754696e-16,8.881784197001252e-16
0.908,-1.2212453270876722e-15,4.440892098500626e-16
0.9085,1.3322676295501878e-15,-1.5543122344752192e-15
0.909,6.661338147750939e-16,1.5543122344752192e-15
0.9095,4.440892098500626e-16,2.220446049250313e-16
0.91,-1.7763568394002505e-15,4.440892098500626e-16
0.9105,-6.661338147750939e-16,8.881784197001252e-16
0.911,-1.4432899320127035e-15,4.440892098500626e-16
0.9115,-1.1102230246251565e-15,-4.440892098500626e-16
0.912,-1.5543122344752192e-15,-8.881784197001252e-16
0.9125,-1.1102230246251565e-15,-4.440892098500626e-16
0.913,7.771561172376096e-16,-6.661338147750939e-16
0.9135,7.771561172376096e-16,6.661338147750939e-16
0.914,-1.1102230246251565e-15,6.661338147750939e-16
0.9145,9.992007221626409e-16,8.881784197001252e-16
0.915,-1.1102230246251565e-15,0.
0.9155,8.326672684688674e-16,-1.4432899320127035e-15
0.916,-1.2212453270876722e-15,2.220446049250313e-16
0.9165,-9.992007221626409e-16,2.220446049250313e-16
0.917,2.220446049250313e-16,1.3322676295501878e-15
0.9175,1.609823385706477e-15,-1.1102230246251565e-16
0.918,0.,-1.1102230246251565e-16
0.9185,2.7755575615628914e-16,-5.551115123125783e-16
0.919,4.440892098500626e-16,5.551115123125783e-16
0.9195,3.3306690738754696e-16,-1.1102230246251565e-16
0.92,-4.996003610813204e-16,2.220446049250313e-16
0.9205,-1.1102230246251565e-15,-8.881784197001252e-16
0.921,4.440892098500626e-16,-1.887379141862766e-15
0.9215,-2.220446049250313e-16,3.3306690738754696e-16
0.922,5.551115123125783e-16,-6.661338147750939e-16
0.9225,9.992007221626409e-16,9.992007221626409e-16
0.923,4.440892098500626e-16,-5.551115123125783e-16
0.9235,1.1102230246251565e-15,0.
0.924,0.,8.881784197001252e-16
0.9245,-1.7208456881689926e-15,-7.771561172376096e-16
0.925,-4.440892098500626e-16,3.3306690738754696e-16
0.9255,-1.1102230246251565e-15,-4.440892098500626e-16
0.926,6.661338147750939e-16,-5.551115123125783e-16
0.9265,8.881784197001252e-16,3.3306690738754696e-16
0.927,-8.326672684688674e-17,-3.3306690738754696e-16
0.9275,-9.159339953157541e-16,-8.881784197001252e-16
0.928,-7.771561172376096e-16,4.440892098500626e-16
0.9285,9.992007221626409e-16,1.1102230246251565e-16
0.929,6.38378239159465e-16,-1.1102230246251565e-15
0.9295,8.326672684688674e-17,-2.220446049250313e-16
0.93,-4.996003610813204e-16,-3.3306690738754696e-16
0.9305,-4.163336342344337e-16,-4.440892098500626e-16
0.931,7.494005416219807e-16,-2.220446049250313e-16
0.9315,8.604228440844963e-16,4.440892098500626e-16
0.932,2.498001805406602e-16,0.
0.9325,-8.049116928532385e-16,2.220446049250313e-16
0.9329999999999999,-6.106226635438361e-16,1.1102230246251565e-16
0.9335,2.7755575615628914e-17,0.
0.9339999999999999,-2.7755575615628914e-17,-2.220446049250313e-16
0.9345,6.106226635438361e-16,5.551115123125783e-16
0.9349999999999999,-2.7755575615628914e-16,-3.3306690738754696e-16
0.9355,-1.1379786002407855e-15,-2.220446049250313e-16
0.9359999999999999,-1.3600232051658168e-15,-8.881784197001252e-16
0.9365,-1.6653345369377348e-16,-4.440892098500626e-16
0.9369999999999999,4.996003610813204e-16,3.3306690738754696e-16
0.9375,8.326672684688674e-17,5.551115123125783e-16
0.938,-4.440892098500626e-16,4.440892098500626e-16
0.9385,-7.771561172376096e-16,8.881784197001252e-16
0.939,-2.7755575615628914e-17,-1.2212453270876722e-15
0.9395,8.326672684688674e-16,6.661338147750939e-16
0.94,-6.938893903907228e-16,5.551115123125783e-16
0.9405,-5.551115123125783e-17,-1.2212453270876722e-15
0.941,7.771561172376096e-16,-2.220446049250313e-16
0.9415,-4.440892098500626e-16,-5.551115123125783e-16
0.942,-7.494005416219807e-16,-6.661338147750939e-16
0.9425,6.38378239159465e-16,2.220446049250313e-16
0.943,-2.220446049250313e-16,6.661338147750939e-16
0.9435,-7.771561172376096e-16,-1.3322676295501878e-15
0.944,-8.326672684688674e-17,6.661338147750939e-16
0.9445,6.38378239159465e-16,-3.3306690738754696e-16
0.945,9.159339953157541e-16,4.440892098500626e-16
0.9455,-1.942890293094024e-16,1.1102230246251565e-16
0.946,2.7755575615628914e-17,1.2212453270876722e-15
0.9465,7.077671781985373e-16,2.220446049250313e-16
0.947,-8.326672684688674e-17,-4.440892098500626e-16
0.9475,5.967448757360216e-16,5.551115123125783e-16
0.948,-4.3021142204224816e-16,1.1102230246251565e-16
0.9485,8.604228440844963e-16,-5.551115123125783e-16
0.949,-5.551115123125783e-16,0.
0.9495,-1.6653345369377348e-16,-3.3306690738754696e-16
0.95,-9.020562075079397e-16,1.1102230246251565e-16
0.9505,4.3021142204224816e-16,0.
0.951,6.938893903907228e-17,-4.440892098500626e-16
0.9515,4.163336342344337e-17,-3.3306690738754696e-16
0.952,-5.551115123125783e-17,-2.220446049250313e-16
0.9525,-3.7470027081099033e-16,-4.440892098500626e-16
0.953,5.828670879282072e-16,5.551115123125783e-16
0.9535,2.3592239273284576e-16,4.440892098500626e-16
0.954,4.579669976578771e-16,0.
0.9545,-5.551115123125783e-17,4.440892098500626e-16
0.955,-5.828670879282072e-16,1.1102230246251565e-16
0.9555,-2.636779683484747e-16,5.551115123125783e-16
0.956,-5.273559366969494e-16,1.1102230246251565e-16
0.9565,5.551115123125783e-16,-1.1102230246251565e-16
0.957,2.498001805406602e-16,5.551115123125783e-16
0.9575,-6.245004513516506e-16,-6.106226635438361e-16
0.958,-1.249000902703301e-16,-1.6653345369377348e-16
0.9585,5.967448757360216e-16,6.106226635438361e-16
0.959,-1.942890293094024e-16,5.551115123125783e-17
0.9595,2.7755575615628914e-16,-1.1102230246251565e-15
0.96,1.3877787807814457e-16,4.996003610813204e-16
0.9605,5.551115123125783e-17,-2.7755575615628914e-16
0.961,4.163336342344337e-16,-1.6653345369377348e-16
0.9615,3.608224830031759e-16,2.220446049250313e-16
0.962,3.885780586188048e-16,4.440892098500626e-16
0.9625,2.7755575615628914e-17,4.440892098500626e-16
0.963,-6.38378239159465e-16,-5.551115123125783e-16
0.9635,8.326672684688674e-16,8.881784197001252e-16
0.964,5.551115123125783e-17,-2.7755575615628914e-16
0.9645,-1.1102230246251565e-16,-2.7755575615628914e-16
0.965,7.494005416219807e-16,1.1102230246251565e-16
0.9655,-9.992007221626409e-16,-2.220446049250313e-16
0.966,3.885780586188048e-16,4.996003610813204e-16
0.9665,4.440892098500626e-16,1.6653345369377348e-16
0.967,-4.996003610813204e-16,0.
0.9675,-1.1934897514720433e-15,-8.326672684688674e-16
0.968,2.498001805406602e-16,-1.1102230246251565e-16
0.9685,-1.6653345369377348e-16,-6.661338147750939e-16
0.969,5.828670879282072e-16,-2.220446049250313e-16
0.9695,-1.942890293094024e-16,2.220446049250313e-16
0.97,9.43689570931383e-16,5.551115123125783e-16
0.9705,-8.326672684688674e-17,1.6653345369377348e-16
0.971,-6.38378239159465e-16,-6.106226635438361e-16
0.9715,3.885780586188048e-16,2.220446049250313e-16
0.972,0.,1.6653345369377348e-16
0.9725,-3.3306690738754696e-16,-2.7755575615628914e-16
0.973,1.3877787807814457e-16,-1.1102230246251565e-16
0.9735,-4.163336342344337e-16,-2.7755575615628914e-16
0.974,-5.828670879282072e-16,-8.326672684688674e-16
0.9745,-2.498001805406602e-16,1.1102230246251565e-16
0.975,3.0531133177191805e-16,-3.885780586188048e-16
0.9755,-9.71445146547012e-16,-8.326672684688674e-16
0.976,-1.942890293094024e-16,3.3306690738754696e-16
0.9765,2.7755575615628914e-17,-5.551115123125783e-17
0.977,1.6653345369377348e-16,2.498001805406602e-16
0.9775,1.6653345369377348e-16,-5.551115123125783e-17
0.978,1.1102230246251565e-15,7.494005416219807e-16
0.9785,8.326672684688674e-17,-2.7755575615628914e-16
0.979,-4.440892098500626e-16,-1.1102230246251565e-16
0.9795,4.718447854656915e-16,2.7755575615628914e-16
0.98,-8.326672684688674e-17,-5.551115123125783e-17
0.9805,-2.7755575615628914e-16,-3.885780586188048e-16
0.981,9.992007221626409e-16,7.216449660063518e-16
0.9815,-3.3306690738754696e-16,-3.608224830031759e-16
0.982,-8.049116928532385e-16,-9.159339953157541e-16
0.9825,2.220446049250313e-16,2.498001805406602e-16
0.983,-1.942890293094024e-16,-3.885780586188048e-16
0.9835,-9.71445146547012e-16,-7.216449660063518e-16
0.984,1.1102230246251565e-16,-2.220446049250313e-16
0.9845,-3.3306690738754696e-16,-1.942890293094024e-16
0.985,2.636779683484747e-16,5.551115123125783e-16
0.9855,1.249000902703301e-16,-2.7755575615628914e-17
0.986,3.885780586188048e-16,2.220446049250313e-16
0.9865,1.1796119636642288e-15,5.273559366969494e-16
0.987,-2.914335439641036e-16,-3.608224830031759e-16
0.9875,1.942890293094024e-16,3.885780586188048e-16
0.988,0.,0.
0.9885,-4.718447854656915e-16,-4.85722573273506e-16
0.989,9.575673587391975e-16,5.273559366969494e-16
0.9895,-2.7755575615628914e-17,-2.0816681711721685e-16
0.99,-4.996003610813204e-16,-4.0245584642661925e-16
0.9905,4.163336342344337e-16,1.1102230246251565e-16
0.991,-1.6653345369377348e-16,-1.3877787807814457e-16
0.9915,-8.326672684688674e-16,-3.469446951953614e-16
0.992,-1.3877787807814457e-16,-2.220446049250313e-16
0.9925,-8.049116928532385e-16,-5.273559366969494e-16
0.993,9.71445146547012e-17,-1.5265566588595902e-16
0.9935,0.,-1.8041124150158794e-16
0.994,1.0200174038743626e-15,9.992007221626409e-16
0.9945,4.3021142204224816e-16,3.191891195797325e-16
0.995,1.457167719820518e-16,0.
0.9955,1.4988010832439613e-15,7.494005416219807e-16
0.996,-1.734723475976807e-16,5.551115123125783e-17
0.9964999999999999,-5.134781488891349e-16,-2.8449465006019636e-16
0.997,3.2612801348363973e-16,4.926614671774132e-16
0.9974999999999999,-9.367506770274758e-17,3.8163916471489756e-17
0.998,-3.677613769070831e-16,-4.0939474033052647e-16
0.9984999999999999,-5.204170427930421e-17,-1.491862189340054e-16
0.999,1.3877787807814457e-17,1.4224732503009818e-16
