0.1,-0.008337133901283988,-0.03880152172645435
0.1005,-0.008326637131417125,-0.03876028184208291
0.101,-0.00831618891080882,-0.038719071807835403
0.1015,-0.008305789119920137,-0.03867789161935076
0.10200000000000001,-0.00829543763945051,-0.03863674127226102
0.10250000000000001,-0.00828513435032907,-0.03859562076220269
0.10300000000000001,-0.00827487913371383,-0.038554530084803695
0.10350000000000001,-0.008264671870994778,-0.03851346923569554
0.10400000000000001,-0.008254512443788609,-0.03847243821050028
0.10450000000000001,-0.00824440073393995,-0.038431437004845526
0.10500000000000001,-0.008234336623524019,-0.038390465614354885
0.10550000000000001,-0.008224319994841411,-0.03834952403464198
0.10600000000000001,-0.008214350730423203,-0.03830861226131965
0.10650000000000001,-0.008204428713017575,-0.03826773029000419
0.10700000000000001,-0.00819455382561246,-0.03822687811629799
0.10750000000000001,-0.008184725951402627,-0.038186055735802915
0.10800000000000001,-0.008174944973818266,-0.03814526314412581
0.10850000000000001,-0.008165210776511389,-0.03810450033684454
0.10900000000000001,-0.00815552324335117,-0.038063767309560625
0.1095,-0.00814588225843721,-0.03802306405785416
0.11,-0.008136287706084655,-0.03798239057730357
0.1105,-0.008126739470825706,-0.037941746863484505
0.111,-0.008117237437427705,-0.03790113291195185
0.1115,-0.008107781490860222,-0.03786054871828137
0.112,-0.008098371516320424,-0.03781999427801974
0.1125,-0.008089007399225301,-0.03777946958671263
0.113,-0.0080796890251984,-0.03773897463990872
0.1135,-0.008070416280093251,-0.03769850943314046
0.114,-0.008061189049973383,-0.03765807396193066
0.1145,-0.008052007221119761,-0.037617668221802236
0.115,-0.00804287068002546,-0.03757729220827022
0.1155,-0.008033779313399159,-0.03753694591683521
0.116,-0.008024733008168472,-0.037496629342999355
0.1165,-0.008015731651467517,-0.037456342482249494
0.117,-0.008006775130641686,-0.03741608533006058
0.11750000000000001,-0.007997863333257693,-0.03737585788191067
0.11800000000000001,-0.007988996147084482,-0.037335660133263504
0.11850000000000001,-0.007980173460107653,-0.03729549207956895
0.11900000000000001,-0.007971395160518646,-0.03725535371627742
0.11950000000000001,-0.007962661136720062,-0.037215245038820455
0.12000000000000001,-0.007953971277321559,-0.037175166042627494
0.12050000000000001,-0.007945325471149844,-0.037135116723106654
0.12100000000000001,-0.00793672360722375,-0.03709509707567926
0.12150000000000001,-0.007928165574786261,-0.03705510709572901
0.122,-0.007919651263276262,-0.03701514677864959
0.1225,-0.007911180562335918,-0.03697521611981902
0.123,-0.007902753361824943,-0.036935315114592804
0.1235,-0.007894369551793068,-0.0368954437583382
0.124,-0.00788602902251112,-0.0368556020463926
0.1245,-0.007877731664438337,-0.036815789974087076
0.125,-0.007869477368243338,-0.03677600753674981
0.1255,-0.007861266024797031,-0.03673625472968367
0.126,-0.007853097525175379,-0.03669653154818919
0.1265,-0.007844971760644914,-0.03665683798755648
0.127,-0.007836888622685667,-0.036617174043059086
0.1275,-0.007828848002971012,-0.03657753970995681
0.128,-0.007820849793373663,-0.03653793498350433
0.1285,-0.007812893885967453,-0.03649835985893635
0.129,-0.007804980173023057,-0.03645881433147791
0.1295,-0.007797108547010656,-0.036419298396346944
0.13,-0.007789278900596108,-0.03637981204874052
0.1305,-0.007781491126643114,-0.03634035528384216
0.131,-0.007773745118211717,-0.03630092809683039
0.1315,-0.007766040768552529,-0.03626153048286629
0.132,-0.007758377971122998,-0.036222162437091976
0.1325,-0.007750756619558596,-0.036182823954648224
0.133,-0.007743176607705127,-0.03614351503064761
0.1335,-0.007735637829586806,-0.03610423566019927
0.134,-0.007728140179434684,-0.03606498583839546
0.1345,-0.007720683551663998,-0.036025765560315226
0.135,-0.007713267840881277,-0.0359865748210183
0.1355,-0.007705892941886894,-0.035947413615556756
0.136,-0.007698558749670681,-0.03590828193896445
0.1365,-0.007691265159415095,-0.035869179786257144
0.137,-0.007684012066483725,-0.03583010715244983
0.1375,-0.0076767993664404455,-0.03579106403252341
0.138,-0.007669626955033981,-0.035752050421455794
0.1385,-0.007662494728194691,-0.03571306631420679
0.139,-0.007655402582048998,-0.035674111705722655
0.1395,-0.007648350412903071,-0.0356351865909299
0.14,-0.007641338117255314,-0.03559629096474404
0.1405,-0.007634365591786402,-0.03555742482206159
0.14100000000000001,-0.00762743273336125,-0.0355185881577641
0.14150000000000001,-0.007620539439033486,-0.03547978096671889
0.14200000000000002,-0.0076136856060380065,-0.035441003243777525
0.14250000000000002,-0.007606871131794646,-0.03540225498377347
0.14300000000000002,-0.007600095913905175,-0.03536353618151855
0.14350000000000002,-0.0075933598501567445,-0.03532484683182324
0.14400000000000002,-0.007586662838515695,-0.03528618692946861
0.14450000000000002,-0.0075800047771313606,-0.03524755646921851
0.14500000000000002,-0.007573385564334678,-0.03520895544583036
0.14550000000000002,-0.007566805098632057,-0.035170383854039255
0.14600000000000002,-0.007560263278720336,-0.03513184168855865
0.14650000000000002,-0.007553760003467386,-0.03509332894409323
0.14700000000000002,-0.007547295171921736,-0.035054845615328234
0.14750000000000002,-0.007540868683315494,-0.03501639169692006
0.14800000000000002,-0.007534480437050073,-0.03497796718353152
0.14850000000000002,-0.007528130332712352,-0.03493957206978893
0.14900000000000002,-0.007521818270064096,-0.03490120635029992
0.14950000000000002,-0.007515544149039155,-0.03486287001967514
0.15000000000000002,-0.007509307869754678,-0.03482456307248194
0.15050000000000002,-0.007503109332499869,-0.03478628550328622
0.15100000000000002,-0.007496948437734519,-0.03474803730663312
0.15150000000000002,-0.007490825086102049,-0.03470981847704335
0.15200000000000002,-0.007484739178417216,-0.03467162900902687
0.1525,-0.007478690615661976,-0.034633468897074526
0.153,-0.007472679298996587,-0.034595338135656184
0.1535,-0.00746670512975825,-0.034557236719221396
0.154,-0.00746076800944831,-0.03451916464220506
0.1545,-0.007454867839743029,-0.03448112189902974
0.155,-0.007449004522491476,-0.03444310848408294
0.1555,-0.007443177959707364,-0.03440512439175192
0.156,-0.007437388053588706,-0.034367169616388304
0.1565,-0.007431634706484558,-0.03432924415234018
0.157,-0.007425917820929606,-0.034291347993922305
0.1575,-0.007420237299615551,-0.03425348113544424
0.158,-0.007414593045411838,-0.034215643571183674
0.1585,-0.007408984961348092,-0.034177835295412184
0.159,-0.007403412950625382,-0.03414005630237038
0.1595,-0.0073978769166124225,-0.034102306586285436
0.16,-0.007392376762840852,-0.03406458614136654
0.1605,-0.00738691239301334,-0.03402689496179623
0.161,-0.007381483710994757,-0.03398923304174495
0.1615,-0.007376090620812292,-0.03395160037536482
0.162,-0.0073707330266664095,-0.0339139969567801
0.1625,-0.007365410832915947,-0.03387642278009839
0.163,-0.007360123944080865,-0.03383887783941186
0.1635,-0.007354872264851098,-0.0338013621287917
0.164,-0.007349655700074537,-0.03376387564228289
0.1645,-0.007344474154763442,-0.03372641837391699
0.165,-0.0073393275340907504,-0.033688990317704115
0.1655,-0.007334215743395822,-0.03365159146762875
0.166,-0.007329138688170617,-0.0336142218176686
0.1665,-0.0073240962740757365,-0.03357688136176351
0.167,-0.0073190884069272155,-0.03353957009384423
0.1675,-0.007314114992701015,-0.033502288007825176
0.168,-0.007309175937536855,-0.03346503509758514
0.1685,-0.007304271147728331,-0.03342781135699402
0.169,-0.007299400529727801,-0.03339061677990263
0.1695,-0.00729456399014819,-0.033353451360134345
0.17,-0.007289761435759434,-0.03331631509149413
0.1705,-0.00728499277348571,-0.033279207967768176
0.171,-0.007280257910414728,-0.03324212998271703
0.1715,-0.007275556753783219,-0.033205081130084024
0.17200000000000001,-0.007270889210983983,-0.033168061403598625
0.1725,-0.0072662551895732175,-0.033131070796953765
0.173,-0.007261654597252587,-0.03309410930383605
0.1735,-0.007257087341885293,-0.03305717691789878
0.174,-0.00725255333148303,-0.033020273632786146
0.1745,-0.007248052474216338,-0.03298339944211126
0.175,-0.007243584678408604,-0.03294655433947136
0.1755,-0.007239149852529103,-0.032909738318440795
0.176,-0.007234747905208033,-0.032872951372576176
0.1765,-0.007230378745225169,-0.03283619349540545
0.177,-0.007226042281509637,-0.0327994646804427
0.1775,-0.0072217384231431925,-0.03276276492117702
0.178,-0.007217467079360107,-0.032726094211075196
0.1785,-0.007213228159543478,-0.03268945254358324
0.179,-0.007209021573224755,-0.03265283991213197
0.1795,-0.007204847230090378,-0.032616256310114666
0.18,-0.007200705039968114,-0.03257970173092206
0.1805,-0.007196594912844162,-0.03254317616791225
0.181,-0.007192516758843165,-0.03250667961442166
0.1815,-0.007188470488245835,-0.032470212063768544
0.182,-0.007184456011473828,-0.03243377350924881
0.1825,-0.007180473239102564,-0.03239736394413473
0.183,-0.007176522081849268,-0.032360983361680584
0.1835,-0.0071726024505802954,-0.03232463175511169
0.184,-0.007168714256306941,-0.032288309117636804
0.1845,-0.007164857410185355,-0.03225201544244549
0.185,-0.007161031823520597,-0.032215750722697556
0.1855,-0.007157237407755562,-0.03217951495153493
0.186,-0.007153474074485883,-0.032143308122079994
0.1865,-0.007149741735445331,-0.0321071302274315
0.187,-0.007146040302514811,-0.03207098126065944
0.1875,-0.007142369687715422,-0.032034861214822574
0.188,-0.007138729803213201,-0.03199877008294971
0.1885,-0.007135120561319153,-0.03196270785804911
0.189,-0.007131541874479647,-0.0319266745331116
0.1895,-0.007127993655290044,-0.031890670101098584
0.19,-0.007124475816480874,-0.03185469455495249
0.1905,-0.0071209882709291905,-0.03181874788759742
0.191,-0.007117530931651045,-0.03178283009192551
0.1915,-0.007114103711800851,-0.03174694116081267
0.192,-0.007110706524670607,-0.0317110810871174
0.1925,-0.007107339283702441,-0.03167524986366621
0.193,-0.007104001902466128,-0.0316394474832663
0.1935,-0.007100694294674914,-0.031603673938706445
0.194,-0.007097416374180904,-0.03156792922274709
0.1945,-0.007094168054973454,-0.03153221332812939
0.195,-0.007090949251180839,-0.03149652624757471
0.1955,-0.007087759877065919,-0.03146086797377379
0.196,-0.0070845998470306926,-0.03142523849940315
0.1965,-0.007081469075613828,-0.03138963781711235
0.197,-0.007078367477490466,-0.03135406591952916
0.1975,-0.007075294967468504,-0.03131852279925684
0.198,-0.007072251460495282,-0.0312830084488821
0.1985,-0.007069236871653478,-0.031247522860960997
0.199,-0.007066251116156219,-0.031212066028031615
0.1995,-0.0070632941093550505,-0.03117663794260983
0.2,-0.0070603657667343,-0.031141238597185872
0.2005,-0.007057466003911217,-0.031105867984229763
0.201,-0.007054594736639441,-0.031070526096186435
0.2015,-0.007051751880802204,-0.03103521292548006
0.202,-0.007048937352417434,-0.030999928464509607
0.2025,-0.0070461510676337324,-0.030964672705656837
0.203,-0.007043392942734428,-0.030929445641273645
0.20350000000000001,-0.007040662894132216,-0.0308942472636915
0.20400000000000001,-0.007037960838372548,-0.03085907756522077
0.20450000000000002,-0.0070352866921289114,-0.030823936538148633
0.20500000000000002,-0.007032640372211879,-0.03078882417473805
0.20550000000000002,-0.007030021795553981,-0.030753740467228896
0.20600000000000002,-0.007027430879222918,-0.030718685407840174
0.20650000000000002,-0.007024867540418561,-0.03068365898876413
0.20700000000000002,-0.007022331696462436,-0.030648661202176353
0.20750000000000002,-0.007019823264810793,-0.03061369204022235
0.20800000000000002,-0.007017342163047197,-0.030578751495027867
0.20850000000000002,-0.00701488830888336,-0.030543839558698216
0.20900000000000002,-0.007012461620156563,-0.030508956223312622
0.20950000000000002,-0.007010062014836421,-0.03047410148092855
0.21000000000000002,-0.007007689411016066,-0.030439275323577486
0.21050000000000002,-0.007005343726918467,-0.03040447774327293
0.21100000000000002,-0.007003024880889663,-0.030369708732002287
0.21150000000000002,-0.0070007327914055895,-0.03033496828172877
0.21200000000000002,-0.006998467377064277,-0.030300256384398927
0.21250000000000002,-0.006996228556595846,-0.030265573031924453
0.21300000000000002,-0.006994016248848711,-0.030230918216206604
0.21350000000000002,-0.006991830372798158,-0.030196291929116104
0.21400000000000002,-0.006989670847548285,-0.03016169416250314
0.21450000000000002,-0.006987537592323956,-0.030127124908192915
0.21500000000000002,-0.006985430526473102,-0.030092584157991098
0.21550000000000002,-0.0069833495694703596,-0.03005807190367582
0.21600000000000003,-0.006981294640911295,-0.030023588137007562
0.21650000000000003,-0.006979265660518069,-0.02998913284971827
0.21700000000000003,-0.006977262548130997,-0.029954706033519463
0.21750000000000003,-0.006975285223716932,-0.029920307680099012
0.21800000000000003,-0.0069733336073606045,-0.029885937781123806
0.21850000000000003,-0.006971407619275338,-0.029851596328232866
0.21900000000000003,-0.006969507179788115,-0.029817283313045895
0.21950000000000003,-0.006967632209351204,-0.02978299872715895
0.22,-0.006965782628539169,-0.02974874256214466
0.2205,-0.006963958358045169,-0.029714514809551673
0.221,-0.006962159318682076,-0.029680315460909656
0.2215,-0.006960385431384553,-0.0296461445077163
0.222,-0.006958636617206637,-0.029612001941454413
0.2225,-0.00695691279731997,-0.029577887753581833
0.223,-0.00695521389301601,-0.029543801935532743
0.2235,-0.0069535398257090375,-0.029509744478712907
0.224,-0.006951890516923603,-0.029475715374516542
0.2245,-0.006950265888311324,-0.029441714614304337
0.225,-0.006948665861636338,-0.029407742189416664
0.2255,-0.0069470903587808,-0.029373798091175463
0.226,-0.006945539301745796,-0.029339882310873033
0.2265,-0.006944012612649375,-0.02930599483978147
0.227,-0.006942510213724606,-0.029272135669150656
0.2275,-0.006941032027322769,-0.029238304790205727
0.228,-0.006939577975909272,-0.029204502194148274
0.2285,-0.0069381479820686265,-0.029170727872160684
0.229,-0.006936741968496307,-0.029136981815397145
0.2295,-0.006935359858008833,-0.029103264014990304
0.23,-0.0069340015735311344,-0.02906957446205305
0.2305,-0.006932667038109852,-0.029035913147668624
0.231,-0.006931356174898706,-0.029002280062903285
0.2315,-0.006930068907169934,-0.028968675198801752
0.232,-0.006928805158312928,-0.02893509854637466
0.2325,-0.006927564851820611,-0.02890155009662021
0.233,-0.006926347911308722,-0.028868029840510512
0.2335,-0.006925154260502775,-0.02883453776899314
0.234,-0.006923983823238111,-0.028801073872993244
0.23450000000000001,-0.0069228365234672296,-0.028767638143413543
0.23500000000000001,-0.006921712285250098,-0.028734230571135888
0.23550000000000001,-0.006920611032763729,-0.02870085114701404
0.23600000000000002,-0.00691953269029158,-0.02866749986188022
0.23650000000000002,-0.006918477182232791,-0.02863417670654611
0.23700000000000002,-0.006917444433095166,-0.028600881671799305
0.23750000000000002,-0.006916434367494978,-0.0285676147484053
0.23800000000000002,-0.006915446910164297,-0.02853437592710284
0.23850000000000002,-0.006914481985943688,-0.028501165198610345
0.23900000000000002,-0.006913539519779716,-0.02846798255362204
0.23950000000000002,-0.006912619436733908,-0.028434827982813382
0.24000000000000002,-0.006911721661973735,-0.02840170147683163
0.24050000000000002,-0.0069108461207768035,-0.028368603026301065
0.24100000000000002,-0.00690999273853149,-0.028335532621827753
0.24150000000000002,-0.0069091614407298385,-0.02830249025399234
0.24200000000000002,-0.00690835215297933,-0.028269475913348607
0.24250000000000002,-0.006907564800987337,-0.02823648959043501
0.24300000000000002,-0.0069067993105769165,-0.02820353127575892
0.24350000000000002,-0.006906055607673822,-0.02817060095981061
0.24400000000000002,-0.006905333618310694,-0.028137698633056596
0.2445,-0.006904633268631111,-0.028104824285937746
0.245,-0.00690395448488168,-0.028071977908875723
0.2455,-0.0069032971934169796,-0.02803915949226543
0.246,-0.006902661320699055,-0.028006369026480904
0.2465,-0.006902046793291372,-0.027973606501874748
0.247,-0.006901453537869806,-0.027940871908774367
0.2475,-0.006900881481209542,-0.027908165237484073
0.248,-0.006900330550195233,-0.027875486478288525
0.2485,-0.006899800671813228,-0.02784283562144685
0.249,-0.006899291773158567,-0.027810212657193634
0.2495,-0.006898803781426099,-0.02777761757574415
0.25,-0.006898336623918255,-0.02774505036729158
0.2505,-0.006897890228039327,-0.027712511022000785
0.251,-0.0068974645212979135,-0.02767999953002198
0.2515,-0.006897059431307917,-0.027647515881473406
0.252,-0.006896674885783993,-0.027615060066458752
0.2525,-0.006896310812544437,-0.02758263207505285
0.253,-0.006895967139509462,-0.027550231897313426
0.2535,-0.006895643794705253,-0.027517859523268018
0.254,-0.006895340706252917,-0.027485514942931055
0.2545,-0.006895057802384141,-0.027453198146285884
0.255,-0.0068947950114264245,-0.027420909123297976
0.2555,-0.006894552261809961,-0.02738864786390649
0.256,-0.006894329482069028,-0.027356414358032377
0.2565,-0.006894126600833439,-0.027324208595570387
0.257,-0.006893943546839698,-0.02729203056639451
0.2575,-0.006893780248920345,-0.027259880260355418
0.258,-0.006893636636010614,-0.027227757667279695
0.2585,-0.006893512637143218,-0.02719566277697627
0.259,-0.006893408181454785,-0.027163595579223987
0.2595,-0.0068933231981767595,-0.027131556063786144
0.26,-0.006893257616642834,-0.02709954422040073
0.2605,-0.006893211366285457,-0.027067560038781413
0.261,-0.006893184376634609,-0.027035603508623218
0.2615,-0.006893176577320137,-0.027003674619594853
0.262,-0.0068931878980698635,-0.026971773361344598
0.2625,-0.0068932182687099774,-0.026939899723498972
0.263,-0.006893267619162591,-0.026908053695658518
0.2635,-0.00689333587945179,-0.026876235267406345
0.264,-0.0068934229796942526,-0.026844444428300474
0.2645,-0.006893528850106245,-0.02681268116787361
0.265,-0.0068936534210011224,-0.02678094547564247
0.2655,-0.0068937966227884395,-0.02674923734109702
0.266,-0.006893958385974397,-0.026717556753705796
0.2665,-0.006894138641161507,-0.02668590370291346
0.267,-0.006894337319047761,-0.026654278178146806
0.2675,-0.006894554350428517,-0.02662268016880709
0.268,-0.006894789666193557,-0.026591109664269696
0.2685,-0.006895043197326756,-0.02655956665389758
0.269,-0.0068953148749097415,-0.026528051127020613
0.2695,-0.006895604630117624,-0.026496563072954338
0.27,-0.006895912394220882,-0.026465102480987768
0.2705,-0.006896238098582863,-0.026433669340390265
0.271,-0.006896581674664337,-0.02640226364040521
0.2715,-0.0068969430540153365,-0.026370885370258335
0.272,-0.006897322168285036,-0.026339534519152608
0.2725,-0.006897718949213649,-0.026308211076263466
0.273,-0.006898133328632983,-0.02627691503075069
0.2735,-0.006898565238470655,-0.026245646371751308
0.274,-0.006899014610746934,-0.026214405088373804
0.2745,-0.006899481377574457,-0.026183191169712017
0.275,-0.006899965471157121,-0.026152004604836243
0.2755,-0.0069004668237938604,-0.026120845382789804
0.276,-0.006900985367871482,-0.02608971349260114
0.27649999999999997,-0.006901521035874492,-0.026058608923271165
0.277,-0.006902073760373273,-0.026027531663781023
0.27749999999999997,-0.00690264347403341,-0.025996481703089325
0.278,-0.006903230109610081,-0.025965459030134252
0.27849999999999997,-0.0069038335999504485,-0.025934463633829785
0.279,-0.006904453877991268,-0.025903495503068807
0.27949999999999997,-0.006905090876761277,-0.025872554626723443
0.28,-0.006905744529379143,-0.025841640993641946
0.28049999999999997,-0.006906414769052738,-0.025810754592652807
0.281,-0.006907101529079862,-0.025779895412563647
0.2815,-0.006907804742851353,-0.025749063442153552
0.28200000000000003,-0.006908524343844147,-0.02571825867018762
0.2825,-0.006909260265624384,-0.02568748108540464
0.28300000000000003,-0.006910012441850966,-0.025656730676525186
0.2835,-0.006910780806266559,-0.025626007432244302
0.28400000000000003,-0.006911565292707422,-0.025595311341236937
0.2845,-0.006912365835095691,-0.025564642392156944
0.28500000000000003,-0.00691318236744265,-0.025534000573634863
0.2855,-0.006914014823847681,-0.02550338587428158
0.28600000000000003,-0.006914863138497762,-0.02547279828268456
0.2865,-0.0069157272456676355,-0.025442237787411837
0.28700000000000003,-0.006916607079720638,-0.02541170437700624
0.2875,-0.0069175025751049835,-0.025381198039994057
0.28800000000000003,-0.006918413666359924,-0.02535071876487416
0.2885,-0.006919340288107423,-0.025320266540127867
0.28900000000000003,-0.006920282375059816,-0.025289841354213305
0.2895,-0.006921239862012596,-0.02525944319556872
0.29000000000000004,-0.006922212683850182,-0.025229072052609824
0.2905,-0.00692320077554387,-0.025198727913729235
0.29100000000000004,-0.006924204072147,-0.025168410767301252
0.2915,-0.006925222508801621,-0.025138120601676972
0.29200000000000004,-0.006926256020735877,-0.025107857405184064
0.2925,-0.006927304543261403,-0.025077621166134878
0.29300000000000004,-0.006928368011776986,-0.025047411872812342
0.2935,-0.006929446361763403,-0.025017229513484507
0.29400000000000004,-0.006930539528790192,-0.024987074076395777
0.2945,-0.006931647448507106,-0.02495694554976824
0.29500000000000004,-0.006932770056653548,-0.02492684392180311
0.2955,-0.00693390728904808,-0.02489676918068362
0.29600000000000004,-0.006935059081596695,-0.024866721314565576
0.2965,-0.006936225370286431,-0.024836700311588578
0.29700000000000004,-0.006937406091192644,-0.02480670615986913
0.2975,-0.006938601180468296,-0.024776738847502644
0.29800000000000004,-0.0069398105743538885,-0.02474679836256266
0.2985,-0.0069410342091715815,-0.024716884693103736
0.29900000000000004,-0.006942272021326357,-0.024686997827157886
0.2995,-0.006943523947306074,-0.02465713775273426
0.30000000000000004,-0.0069447899236818045,-0.024627304457823684
0.3005,-0.0069460698871066096,-0.024597497930394674
0.30100000000000005,-0.0069473637743142636,-0.02456771815839598
0.3015,-0.006948671522123417,-0.024537965129751038
0.30200000000000005,-0.006949993067432492,-0.02450823883236819
0.3025,-0.00695132834722112,-0.02447853925413257
0.30300000000000005,-0.006952677298552867,-0.024448866382903334
0.3035,-0.006954039858569128,-0.024419220206529424
0.30400000000000005,-0.006955415964497003,-0.024389600712827808
0.3045,-0.006956805553638867,-0.024360007889601354
0.30500000000000005,-0.0069582085633843604,-0.024330441724627838
0.3055,-0.006959624931196395,-0.024300902205669384
0.30600000000000005,-0.006961054594624871,-0.02427138932045947
0.3065,-0.006962497491295572,-0.024241903056719583
0.30700000000000005,-0.006963953558916158,-0.02421244340214601
0.3075,-0.006965422735274007,-0.024183010344412614
0.30800000000000005,-0.006966904958236597,-0.024153603871174156
0.3085,-0.0069684001657489,-0.02412422397006586
0.309,-0.006969908295836991,-0.02409487062870108
0.3095,-0.006971429286607822,-0.024065543834670855
0.31,-0.006972963076241456,-0.024036243575549676
0.3105,-0.006974509603004997,-0.024006969838887504
0.311,-0.0069760688052362685,-0.02397772261221487
0.3115,-0.006977640621356362,-0.023948501883043094
0.312,-0.006979224989863531,-0.023919307638859633
0.3125,-0.006980821849334573,-0.023890139867135285
0.313,-0.006982431138422285,-0.023860998555316315
0.3135,-0.00698405279585923,-0.023831883690832556
0.314,-0.0069856867604560224,-0.023802795261090415
0.3145,-0.006987332971098659,-0.023773733253476426
0.315,-0.0069889913667517956,-0.023744697655356584
0.3155,-0.006990661886456584,-0.02371568845407812
0.316,-0.006992344469331391,-0.023686705636964955
0.3165,-0.006994039054573076,-0.023657749191321464
0.317,-0.0069957455814507186,-0.023628819104434262
0.3175,-0.006997463989315111,-0.023599915363566537
0.318,-0.006999194217588822,-0.02357103795596116
0.3185,-0.007000936205774189,-0.023542186868842352
0.319,-0.0070026898934469894,-0.023513362089414458
0.3195,-0.007004455220259553,-0.0234845636048584
0.32,-0.007006232125939704,-0.023455791402338222
0.3205,-0.007008020550291372,-0.023427045468996432
0.321,-0.007009820433194536,-0.02339832579195289
0.3215,-0.00701163171460073,-0.02336963235831213
0.322,-0.0070134543345404254,-0.023340965155155047
0.3225,-0.007015288233117811,-0.023312324169542875
0.323,-0.007017133350510241,-0.023283709388517204
0.3235,-0.007018989626971728,-0.023255120799100082
0.324,-0.007020857002827674,-0.02322655838829102
0.3245,-0.007022735418481529,-0.02319802214307376
0.325,-0.007024624814407077,-0.023169512050407515
0.3255,-0.007026525131154593,-0.023141028097234173
0.326,-0.007028436309347352,-0.02311257027047453
0.3265,-0.0070303582896820704,-0.02308413855702962
0.327,-0.007032291012927405,-0.023055732943779828
0.3275,-0.007034234419928731,-0.023027353417587326
0.328,-0.007036188451598924,-0.02299899996529442
0.3285,-0.007038153048931128,-0.022970672573720208
0.329,-0.007040128152984493,-0.022942371229666247
0.3295,-0.007042113704894326,-0.022914095919916333
0.33,-0.0070441096458691566,-0.022885846631230056
0.3305,-0.0070461159171872345,-0.02285762335034991
0.331,-0.007048132460199252,-0.022829426063998293
0.3315,-0.00705015921633001,-0.022801254758877953
0.332,-0.007052196127074417,-0.022773109421669213
0.3325,-0.007054243133999161,-0.02274499003903907
0.333,-0.007056300178743868,-0.022716896597626546
0.3335,-0.00705836720301789,-0.02268882908405767
0.334,-0.007060444148602629,-0.022660787484935718
0.3345,-0.007062530957349655,-0.022632771786844752
0.335,-0.007064627571184756,-0.022604781976346633
0.3355,-0.0070667339320998335,-0.0225768180399899
0.336,-0.0070688499821593975,-0.022548879964299884
0.3365,-0.007070975663500845,-0.02252096773577983
0.337,-0.007073110918327519,-0.02249308134091743
0.3375,-0.007075255688917148,-0.022465220766179295
0.338,-0.00707740991761463,-0.022437385998011705
0.3385,-0.00707957354683586,-0.022409577022843852
0.339,-0.0070817465190670115,-0.022381793827083496
0.3395,-0.00708392877686248,-0.022354036397118304
0.33999999999999997,-0.007086120262847884,-0.022326304719318735
0.3405,-0.007088320919715618,-0.02229859878003604
0.34099999999999997,-0.007090530690230634,-0.022270918565597486
0.3415,-0.007092749517224883,-0.022243264062316914
0.34199999999999997,-0.007094977343598985,-0.022215635256486732
0.3425,-0.007097214112322947,-0.022188032134377256
0.34299999999999997,-0.007099459766434946,-0.022160454682243036
0.3435,-0.007101714249042657,-0.02213290288631975
0.344,-0.00710397750332209,-0.02210537673281998
0.34450000000000003,-0.007106249472515591,-0.02207787620793933
0.345,-0.007108530099934951,-0.022050401297856514
0.34550000000000003,-0.007110819328960183,-0.022022951988726613
0.346,-0.007113117103037914,-0.021995528266688824
0.34650000000000003,-0.0071154233656827715,-0.021968130117861584
0.347,-0.007117738060478496,-0.02194075752834479
0.34750000000000003,-0.007120061131074107,-0.02191341048421913
0.348,-0.007122392521186349,-0.021886088971546647
0.34850000000000003,-0.00712473217459908,-0.02185879297636928
0.349,-0.007127080035163436,-0.021831522484712318
0.34950000000000003,-0.007129436046797777,-0.02180427748257774
0.35,-0.00713180015348569,-0.021777057955953083
0.35050000000000003,-0.007134172299278374,-0.02174986389080491
0.351,-0.007136552428294196,-0.021722695273078463
0.35150000000000003,-0.007138940484715139,-0.021695552088705772
0.352,-0.00714133641279191,-0.02166843432359511
0.35250000000000004,-0.007143740156840328,-0.02164134196363754
0.353,-0.00714615166123983,-0.02161427499470503
0.35350000000000004,-0.007148570870440796,-0.021587233402651673
0.354,-0.0071509977289545,-0.02156021717331058
0.35450000000000004,-0.007153432181360442,-0.021533226292497543
0.355,-0.0071558741722995145,-0.021506260746010253
0.35550000000000004,-0.007158323646483,-0.021479320519626532
0.356,-0.007160780548683632,-0.021452405599105107
0.35650000000000004,-0.007163244823740977,-0.021425515970187714
0.357,-0.007165716416557832,-0.021398651618595554
0.35750000000000004,-0.007168195272102884,-0.02137181253003151
0.358,-0.007170681335407991,-0.02134499869018114
0.35850000000000004,-0.007173174551571682,-0.021318210084709688
0.359,-0.007175674865754045,-0.021291446699264527
0.35950000000000004,-0.007178182223181229,-0.021264708519475595
0.36,-0.007180696569142664,-0.021237995530951737
0.36050000000000004,-0.007183217848992007,-0.02121130771928481
0.361,-0.007185746008145533,-0.021184645070047914
0.36150000000000004,-0.0071882809920849056,-0.02115800756879649
0.362,-0.007190822746354242,-0.02113139520106555
0.36250000000000004,-0.00719337121656094,-0.021104807952373794
0.363,-0.007195926348375459,-0.021078245808219154
0.36350000000000005,-0.007198488087533761,-0.021051708754083576
0.364,-0.007201056379830317,-0.02102519677542891
0.36450000000000005,-0.007203631171125657,-0.02099870985769936
0.365,-0.00720621240734276,-0.02097224798632069
0.36550000000000005,-0.007208800034466556,-0.02094581114669991
0.366,-0.007211393998545035,-0.020919399324225374
0.36650000000000005,-0.007213994245686861,-0.02089301250426956
0.367,-0.007216600722066202,-0.020866650672182407
0.36750000000000005,-0.007219213373917011,-0.020840313813300204
0.368,-0.007221832147533358,-0.020814001912937696
0.36850000000000005,-0.007224456989275763,-0.020787714956392978
0.369,-0.0072270878455634735,-0.020761452928944824
0.36950000000000005,-0.007229724662878079,-0.02073521581585569
0.37,-0.0072323673877621175,-0.020709003602367715
0.37050000000000005,-0.007235015966821079,-0.02068281627370616
0.371,-0.007237670346719072,-0.020656653815078307
0.37150000000000005,-0.007240330474185097,-0.020630516211671224
0.372,-0.007242996296004833,-0.020604403448658548
0.37250000000000005,-0.007245667759027408,-0.020578315511190493
0.373,-0.007248344810162066,-0.020552252384402614
0.37350000000000005,-0.0072510273963804495,-0.020526214053410263
0.374,-0.007253715464711097,-0.020500200503314026
0.37450000000000006,-0.00725640896224683,-0.02047421171919339
0.375,-0.0072591078361380346,-0.020448247686111087
0.37550000000000006,-0.00726181203359566,-0.020422308389112187
0.376,-0.007264521501892662,-0.020396393813223224
0.37650000000000006,-0.007267236188359727,-0.020370503943453078
0.377,-0.0072699560403875485,-0.020344638764792533
0.37750000000000006,-0.0072726810054282165,-0.020318798262215387
0.378,-0.007275411030991608,-0.020292982420676342
0.37850000000000006,-0.007278146064648383,-0.020267191225112335
0.379,-0.007280886054027658,-0.02024142466044465
0.37950000000000006,-0.007283630946817776,-0.020215682711574368
0.38,-0.007286380690766814,-0.020189965363385798
0.38050000000000006,-0.007289135233681687,-0.020164272600745603
0.381,-0.007291894523427933,-0.020138604408502125
0.38150000000000006,-0.00729465850792943,-0.020112960771486277
0.382,-0.007297427135170287,-0.02008734167451187
0.38250000000000006,-0.0073002003531913995,-0.020061747102373628
0.383,-0.007302978110092784,-0.0200361770398515
0.38350000000000006,-0.007305760354033131,-0.0200106314717049
0.384,-0.007308547033228696,-0.01998511038267692
0.38450000000000006,-0.007311338095954856,-0.01995961375749189
0.385,-0.007314133490543717,-0.019934141580858267
0.38550000000000006,-0.00731693316538623,-0.019908693837466407
0.386,-0.00731973706893041,-0.01988327051198857
0.38650000000000007,-0.007322545149682003,-0.019857871589080478
0.387,-0.007325357356204987,-0.01983249705337853
0.38750000000000007,-0.007328173637120183,-0.019807146889505356
0.388,-0.007330993941105091,-0.019781821082060835
0.38849999999999996,-0.007333818216896049,-0.019756519615631962
0.389,-0.007336646413284742,-0.019731242474786637
0.38949999999999996,-0.00733947847912253,-0.019705989644075328
0.39,-0.007342314363313118,-0.019680761108031075
0.39049999999999996,-0.007345154014821831,-0.019655556851168376
0.391,-0.007347997382666949,-0.019630376857989518
0.39149999999999996,-0.007350844415925817,-0.019605221112972582
0.392,-0.00735369506373057,-0.019580089600581774
0.39249999999999996,-0.007356549275271573,-0.019554982305264867
0.393,-0.007359406999792872,-0.019529899211450208
0.39349999999999996,-0.007362268186595411,-0.019504840303551152
0.394,-0.007365132785038864,-0.019479805565962294
0.39449999999999996,-0.007368000744534697,-0.019454794983060575
0.395,-0.007370872014552332,-0.019429808539207505
0.39549999999999996,-0.007373746544617588,-0.019404846218746608
0.396,-0.007376624284310018,-0.019379908006004087
0.39649999999999996,-0.0073795051832662995,-0.019354993885288718
0.397,-0.0073823891911773964,-0.019330103840892843
0.39749999999999996,-0.0073852762577891196,-0.019305237857091706
0.398,-0.007388166332904067,-0.01928039591814379
0.39849999999999997,-0.007391059366379182,-0.01925557800828903
0.399,-0.007393955308125866,-0.019230784111752053
0.39949999999999997,-0.007396854108110196,-0.019206014212739375
0.4,-0.007399755716354595,-0.019181268295441423
0.40049999999999997,-0.00740266008293422,-0.019156546344031078
0.401,-0.00740556715798002,-0.019131848342665125
0.40149999999999997,-0.007408476891676785,-0.019107174275481142
0.402,-0.007411389234264654,-0.01908252412660194
0.40249999999999997,-0.007414304136035221,-0.019057897880133123
0.403,-0.007417221547338149,-0.019033295520163862
0.40349999999999997,-0.007420141418574222,-0.019008717030763123
0.404,-0.007423063700199406,-0.01898416239598888
0.40449999999999997,-0.0074259883427229,-0.01895963159987768
0.405,-0.007428915296707972,-0.018935124626451305
0.40549999999999997,-0.007431844512771901,-0.018910641459712774
0.406,-0.007434775941584315,-0.018886182083651004
0.4065,-0.00743770953386963,-0.018861746482236597
0.40700000000000003,-0.007440645240404498,-0.018837334639422942
0.4075,-0.007443583012019472,-0.018812946539148445
0.40800000000000003,-0.0074465227995985095,-0.018788582165333634
0.4085,-0.007449464554077356,-0.018764241501882384
0.40900000000000003,-0.007452408226445717,-0.01873992453268225
0.4095,-0.0074553537677447546,-0.018715631241605024
0.41000000000000003,-0.007458301129071976,-0.0186913616125034
0.4105,-0.007461250261572738,-0.018667115629216413
0.41100000000000003,-0.007464201116448188,-0.01864289327556401
0.4115,-0.00746715364495093,-0.018618694535351477
0.41200000000000003,-0.007470107798385861,-0.01859451939236545
0.4125,-0.007473063528109891,-0.018570367830378798
0.41300000000000003,-0.007476020785533055,-0.018546239833146405
0.4135,-0.007478979522115348,-0.018522135384405947
0.41400000000000003,-0.00748193968937183,-0.018498054467879887
0.4145,-0.007484901238866859,-0.01847399706727415
0.41500000000000004,-0.007487864122218135,-0.01844996316627634
0.4155,-0.0074908282910932655,-0.01842595274856007
0.41600000000000004,-0.007493793697212925,-0.018401965797782638
0.4165,-0.007496760292349247,-0.018378002297582352
0.41700000000000004,-0.00749972802832477,-0.018354062231583534
0.4175,-0.007502696857013991,-0.01833014558339341
0.41800000000000004,-0.007505666730342642,-0.01830625233660299
0.4185,-0.007508637600287527,-0.018282382474785197
0.41900000000000004,-0.007511609418876908,-0.01825853598150151
0.4195,-0.007514582138188064,-0.018234712840291656
0.42000000000000004,-0.0075175557103515644,-0.01821091303468103
0.4205,-0.007520530087547217,-0.018187136548180383
0.42100000000000004,-0.007523505222006732,-0.01816338336428236
0.4215,-0.007526481066009727,-0.0181396534664644
0.42200000000000004,-0.007529457571889164,-0.018115946838187624
0.4225,-0.0075324346920265794,-0.018092263462896496
0.42300000000000004,-0.007535412378856576,-0.018068603324018828
0.4235,-0.0075383905848593336,-0.018044966404968776
0.42400000000000004,-0.007541369262567987,-0.018021352689141068
0.4245,-0.007544348364566245,-0.017997762159917108
0.42500000000000004,-0.0075473278434867175,-0.017974194800659538
0.4255,-0.007550307652011035,-0.01795065059471823
0.42600000000000005,-0.007553287742872283,-0.01792712952542408
0.4265,-0.007556268068851513,-0.01790363157609398
0.42700000000000005,-0.0075592485827810085,-0.01788015673002652
0.4275,-0.007562229237540685,-0.017856704970507842
0.42800000000000005,-0.007565209986061028,-0.017833276280803334
0.4285,-0.007568190781321427,-0.017809870644167725
0.42900000000000005,-0.007571171576351288,-0.017786488043835758
0.4295,-0.007574152324227701,-0.017763128463027633
0.43000000000000005,-0.007577132978077106,-0.017739791884947675
0.4305,-0.00758011349107679,-0.01771647829278411
0.43100000000000005,-0.007583093816449615,-0.017693187669710175
0.4315,-0.007586073907470237,-0.017669919998882233
0.43200000000000005,-0.007589053717460048,-0.017646675263440992
0.4325,-0.007592033199790016,-0.017623453446510395
0.43300000000000005,-0.007595012307877569,-0.017600254531201287
0.4335,-0.007597990995191484,-0.017577078500606858
0.43400000000000005,-0.007600969215247777,-0.017553925337803866
0.4345,-0.007603946921610205,-0.01753079502585486
0.43500000000000005,-0.007606924067890486,-0.01750768754780474
0.4355,-0.007609900607749354,-0.01748460288668574
0.43600000000000005,-0.007612876494893839,-0.017461541025511007
0.4365,-0.00761585168308182,-0.01743850194728036
0.43700000000000006,-0.007618826126115696,-0.01741548563497719
0.4375,-0.007621799777847493,-0.017392492071568122
0.43800000000000006,-0.0076247725921770315,-0.017369521240005903
0.4385,-0.007627744523050484,-0.017346573123226516
0.43900000000000006,-0.007630715524462095,-0.017323647704151846
0.4395,-0.007633685550453184,-0.017300744965685344
0.44000000000000006,-0.007636654555113476,-0.017277864890717143
0.4405,-0.0076396224925779355,-0.01725500746212205
0.44100000000000006,-0.007642589317031101,-0.017232172662758338
0.4415,-0.007645554982702418,-0.017209360475467617
0.44200000000000006,-0.00764851944386874,-0.017186570883078733
0.4425,-0.007651482654855268,-0.017163803868403882
0.44300000000000006,-0.007654444570032448,-0.01714105941423738
0.4435,-0.007657405143817575,-0.017118337503362557
0.44400000000000006,-0.007660364330675795,-0.01709563811854431
0.4445,-0.0076633220851168304,-0.017072961242531215
0.44500000000000006,-0.007666278361698975,-0.017050306858060083
0.4455,-0.007669233115025098,-0.017027674947848626
0.44600000000000006,-0.0076721862997459755,-0.017005065494601013
0.4465,-0.007675137870557014,-0.016982478481006424
0.44700000000000006,-0.007678087782201082,-0.016959913889738276
0.4475,-0.007681035989466345,-0.016937371703452997
0.44800000000000006,-0.007683982447187154,-0.016914851904793582
0.4485,-0.007686927110244712,-0.016892354476387927
0.44900000000000007,-0.007689869933563576,-0.016869879400847276
0.4495,-0.007692810872117095,-0.01684742666076855
0.45000000000000007,-0.007695749880922198,-0.016824996238732792
0.4505,-0.007698686915041719,-0.016802588117306172
0.45100000000000007,-0.007701621929584679,-0.016780202279039202
0.4515,-0.007704554879705006,-0.01675783870646863
0.45199999999999996,-0.007707485720601925,-0.016735497382114328
0.4525,-0.0077104144075200165,-0.016713178288481068
0.45299999999999996,-0.007713340895750487,-0.016690881408059632
0.4535,-0.007716265140626066,-0.016668606723325152
0.45399999999999996,-0.007719187097528057,-0.016646354216736436
0.4545,-0.0077221067218820605,-0.016624123870738416
0.45499999999999996,-0.007725023969156752,-0.016601915667761813
0.4555,-0.007727938794867328,-0.016579729590219916
0.45599999999999996,-0.007730851154572449,-0.016557565620513137
0.4565,-0.00773376100387696,-0.01653542374102479
0.45699999999999996,-0.007736668298429505,-0.016513303934124646
0.4575,-0.007739572993922583,-0.01649120618216704
0.45799999999999996,-0.007742475046093655,-0.016469130467491322
0.4585,-0.007745374410724926,-0.01644707677242141
0.45899999999999996,-0.007748271043642785,-0.016425045079267342
0.4595,-0.007751164900716978,-0.016403035370322505
0.45999999999999996,-0.007754055937861659,-0.01638104762786685
0.4605,-0.0077569441110357795,-0.016359081834164346
0.46099999999999997,-0.007759829376241312,-0.0163371379714653
0.4615,-0.00776271168952597,-0.0163152160220027
0.46199999999999997,-0.007765591006977768,-0.016293315967998434
0.4625,-0.007768467284731684,-0.016271437791655297
0.46299999999999997,-0.007771340478964883,-0.016249581475163977
0.4635,-0.007774210545898885,-0.016227747000699955
0.46399999999999997,-0.007777077441797675,-0.016205934350422946
0.4645,-0.007779941122969591,-0.01618414350647801
0.46499999999999997,-0.007782801545766493,-0.016162374450997108
0.4655,-0.0077856586665825955,-0.016140627166094768
0.46599999999999997,-0.0077885124418553,-0.01611890163387253
0.4665,-0.007791362828066972,-0.0160971978364165
0.46699999999999997,-0.007794209781740891,-0.016075515755798464
0.4675,-0.007797053259444076,-0.01605385537407511
0.46799999999999997,-0.007799893217786569,-0.016032216673288024
0.4685,-0.007802729613421877,-0.016010599635465472
0.469,-0.0078055624030454185,-0.015989004242618954
0.46950000000000003,-0.007808391543395743,-0.015967430476747535
0.47,-0.007811216991253422,-0.015945878319834295
0.47050000000000003,-0.007814038703443327,-0.01592434775384688
0.471,-0.007816856636829295,-0.015902838760741056
0.47150000000000003,-0.007819670748322183,-0.015881351322455495
0.472,-0.007822480994871872,-0.01585988542091399
0.47250000000000003,-0.00782528733347182,-0.015838441038027784
0.473,-0.007828089721156894,-0.015817018155692253
0.47350000000000003,-0.007830888115004875,-0.015795616755788777
0.474,-0.00783368247213534,-0.015774236820183862
0.47450000000000003,-0.007836472749709833,-0.01575287833072936
0.475,-0.007839258904932311,-0.01573154126926246
0.47550000000000003,-0.007842040895047864,-0.015710225617605822
0.476,-0.007844818677343546,-0.015688931357568547
0.47650000000000003,-0.007847592209147936,-0.015667658470944867
0.477,-0.0078503614478323,-0.01564640693951347
0.47750000000000004,-0.007853126350809314,-0.01562517674504016
0.478,-0.007855886875530904,-0.015603967869275093
0.47850000000000004,-0.00785864297949318,-0.015582780293954546
0.479,-0.007861394620232554,-0.01556161400080025
0.47950000000000004,-0.007864141755325904,-0.01554046897151895
0.48,-0.007866884342394187,-0.015519345187805622
0.48050000000000004,-0.007869622339095605,-0.015498242631337256
0.481,-0.00787235570313205,-0.015477161283777852
0.48150000000000004,-0.007875084392245768,-0.015456101126778532
0.482,-0.007877808364220529,-0.015435062141974099
0.48250000000000004,-0.007880527576880125,-0.015414044310985586
0.483,-0.007883241988089484,-0.015393047615421596
0.48350000000000004,-0.007885951555754556,-0.015372072036872741
0.484,-0.00788865623782109,-0.015351117556918759
0.48450000000000004,-0.007891355992276916,-0.015330184157122506
0.485,-0.007894050777149608,-0.01530927181903552
0.48550000000000004,-0.007896740550507153,-0.015288380524192458
0.486,-0.007899425270457394,-0.015267510254114658
0.48650000000000004,-0.007902104895150364,-0.015246660990310357
0.487,-0.007904779382774618,-0.015225832714271359
0.48750000000000004,-0.007907448691560182,-0.015205025407477035
0.488,-0.007910112779776324,-0.015184239051392212
0.48850000000000005,-0.007912771605731672,-0.015163473627467061
0.489,-0.007915425127777764,-0.015142729117137654
0.48950000000000005,-0.007918073304303164,-0.015122005501827407
0.49,-0.00792071609373829,-0.015101302762943525
0.49050000000000005,-0.007923353454551418,-0.01508062088187978
0.491,-0.007925985345252295,-0.015059959840016623
0.49150000000000005,-0.007928611724390966,-0.015039319618720959
0.492,-0.007931232550554168,-0.015018700199341484
0.49250000000000005,-0.007933847782371217,-0.014998101563219457
0.493,-0.007936457378508677,-0.014977523691676153
0.49350000000000005,-0.007939061297675465,-0.014956966566022634
0.494,-0.007941659498616305,-0.014936430167553416
0.49450000000000005,-0.007944251940117997,-0.01491591447755114
0.495,-0.007946838581005256,-0.014895419477282623
0.49550000000000005,-0.007949419380142653,-0.01487494514800164
0.496,-0.007951994296433007,-0.014854491470948916
0.49650000000000005,-0.007954563288818772,-0.014834058427348806
0.497,-0.007957126316281815,-0.014813645998414338
0.49750000000000005,-0.00795968333784236,-0.014793254165342495
0.498,-0.007962234312560101,-0.014772882909317164
0.49850000000000005,-0.007964779199532923,-0.01475253221150985
0.499,-0.007967317957897457,-0.014732202053075238
0.49950000000000006,-0.007969850546829804,-0.014711892415155747
0.5,-0.007972376925543145,-0.014691603278881082
0.5005000000000001,-0.007974897053291352,-0.01467133462536413
0.501,-0.007977410889365821,-0.014651086435706784
0.5015000000000001,-0.007979918393094976,-0.014630858690996063
0.502,-0.007982419523847595,-0.014610651372304384
0.5025000000000001,-0.00798491424103076,-0.014590464460691066
0.503,-0.007987402504088525,-0.014570297937202381
0.5035000000000001,-0.007989884272503356,-0.014550151782869725
0.504,-0.00799235950579713,-0.014530025978710615
0.5045000000000001,-0.007994828163528478,-0.014509920505730522
0.505,-0.00799729020529416,-0.014489835344918489
0.5055000000000001,-0.007999745590730134,-0.014469770477251842
0.506,-0.008002194279508934,-0.01444972588369331
0.5065000000000001,-0.008004636231341511,-0.014429701545192908
0.507,-0.008007071405976618,-0.014409697442685776
0.5075000000000001,-0.00800949976319959,-0.014389713557094785
0.508,-0.008011921262835953,-0.014369749869326487
0.5085000000000001,-0.00801433586474587,-0.01434980636027694
0.509,-0.008016743528830028,-0.014329883010826161
0.5095000000000001,-0.0080191442150232,-0.014309979801842454
0.51,-0.0080215378833004,-0.014290096714179135
0.5105000000000001,-0.00802392449367384,-0.014270233728676363
0.511,-0.008026304006190144,-0.014250390826159809
0.5115000000000001,-0.008028676380936961,-0.014230567987443543
0.512,-0.008031041578036358,-0.014210765193327368
0.5125000000000001,-0.0080333995576497,-0.014190982424595266
0.513,-0.00803575027997333,-0.01417121966202084
0.5135000000000001,-0.008038093705241833,-0.014151476886362258
0.514,-0.008040429793726211,-0.014131754078365477
0.5145000000000001,-0.008042758505735714,-0.014112051218760857
0.515,-0.008045079801613675,-0.01409236828826782
0.5155000000000001,-0.008047393641743339,-0.014072705267590246
0.516,-0.008049699986543202,-0.014053062137419303
0.5165,-0.008051998796466897,-0.014033438878433002
0.517,-0.00805429003200786,-0.014013835471296032
0.5175,-0.00805657365369361,-0.013994251896657539
0.518,-0.008058849622089359,-0.013974688135156621
0.5185,-0.008061117897795844,-0.013955144167416778
0.519,-0.008063378441451274,-0.013935619974048408
0.5195,-0.008065631213729663,-0.01391611553564831
0.52,-0.008067876175340605,-0.013896630832800683
0.5205,-0.008070113287030833,-0.013877165846075179
0.521,-0.00807234250958394,-0.01385772055602913
0.5215,-0.008074563803816714,-0.013838294943207152
0.522,-0.008076777130586021,-0.01381888898813799
0.5225,-0.008078982450780925,-0.013799502671339503
0.523,-0.008081179725328957,-0.013780135973314511
0.5235,-0.00808336891519218,-0.013760788874554952
0.524,-0.008085549981369122,-0.013741461355535278
0.5245,-0.008087722884894122,-0.013722153396721393
0.525,-0.008089887586836986,-0.013702864978563045
0.5255,-0.008092044048303548,-0.013683596081496607
0.526,-0.00809419223043406,-0.01366434668594707
0.5265,-0.008096332094405911,-0.013645116772324772
0.527,-0.008098463601430461,-0.013625906321026504
0.5275,-0.008100586712756541,-0.01360671531243729
0.528,-0.0081027013896659,-0.013587543726927553
0.5285,-0.008104807593477481,-0.013568391544855063
0.529,-0.008106905285544697,-0.013549258746564874
0.5295,-0.008108994427256766,-0.01353014531238772
0.53,-0.008111074980036825,-0.013511051222642179
0.5305,-0.008113146905344537,-0.01349197645763267
0.531,-0.008115210164673758,-0.013472920997652127
0.5315,-0.008117264719553652,-0.01345388482297899
0.532,-0.008119310531548352,-0.013434867913878268
0.5325,-0.008121347562257242,-0.013415870250602868
0.533,-0.008123375773314123,-0.01339689181339182
0.5335,-0.008125395126387325,-0.013377932582472829
0.534,-0.00812740558317937,-0.013358992538057335
0.5345,-0.00812940710543053,-0.013340071660346065
0.535,-0.00813139965491222,-0.013321169929526366
0.5355,-0.008133383193431487,-0.013302287325771656
0.536,-0.008135357682830469,-0.013283423829243524
0.5365,-0.00813732308498527,-0.013264579420089184
0.537,-0.008139279361807694,-0.013245754078444527
0.5375,-0.008141226475241625,-0.013226947784430565
0.538,-0.008143164387266977,-0.013208160518156209
0.5385,-0.008145093059897468,-0.013189392259717603
0.539,-0.008147012455181235,-0.013170642989198011
0.5395,-0.008148922535199832,-0.0131519126866661
0.54,-0.00815082326207045,-0.013133201332180156
0.5405,-0.008152714597942423,-0.01311450890578253
0.541,-0.008154596505000167,-0.013095835387506471
0.5415,-0.00815646894546257,-0.01307718075736869
0.542,-0.008158331881581937,-0.013058544995374233
0.5425,-0.008160185275643717,-0.013039928081515828
0.543,-0.008162029089967604,-0.013021329995772768
0.5435,-0.008163863286908213,-0.013002750718111244
0.544,-0.008165687828852186,-0.012984190228484627
0.5445,-0.008167502678221028,-0.012965648506834904
0.545,-0.008169307797468939,-0.01294712553308841
0.5455,-0.008171103149083814,-0.012928621287160602
0.546,-0.008172888695588021,-0.012910135748954
0.5465,-0.008174664399536402,-0.01289166889835719
0.547,-0.008176430223518827,-0.012873220715247213
0.5475,-0.00817818613015514,-0.012854791179487846
0.548,-0.00817993208210216,-0.012836380270928982
0.5485,-0.00818166804204784,-0.012817987969409916
0.549,-0.008183393972712949,-0.012799614254754899
0.5495,-0.00818510983685461,-0.012781259106776466
0.55,-0.0081868155972592,-0.012762922505275165
0.5505,-0.008188511216748462,-0.012744604430037443
0.551,-0.00819019665817694,-0.012726304860836701
0.5515,-0.008191871884430546,-0.012708023777435407
0.552,-0.008193536858430217,-0.012689761159582869
0.5525,-0.0081951915431282,-0.01267151698701302
0.553,-0.008196835901511379,-0.012653291239450803
0.5535,-0.008198469896598226,-0.012635083896606392
0.554,-0.008200093491438243,-0.012616894938177525
0.5545,-0.008201706649116292,-0.012598724343849232
0.555,-0.008203309332749764,-0.01258057209329505
0.5555,-0.00820490150548725,-0.012562438166173195
0.556,-0.00820648313050959,-0.012544322542131947
0.5565,-0.008208054171032653,-0.012526225200806373
0.557,-0.008209614590302117,-0.012508146121817276
0.5575,-0.008211164351596911,-0.012490085284774188
0.558,-0.008212703418228218,-0.012472042669273986
0.5585,-0.008214231753540635,-0.012454018254900667
0.559,-0.008215749320909127,-0.012436012021226517
0.5595,-0.008217256083742241,-0.012418023947808776
0.56,-0.008218752005481333,-0.01240005401419475
0.5605,-0.008220237049597401,-0.012382102199918144
0.561,-0.008221711179595526,-0.012364168484500393
0.5615,-0.008223174359012098,-0.012346252847448669
0.562,-0.008224626551415426,-0.012328355268261093
0.5625,-0.008226067720406571,-0.012310475726419079
0.5630000000000001,-0.008227497829616792,-0.012292614201395158
0.5635,-0.00822891684271232,-0.012274770672646873
0.5640000000000001,-0.008230324723387195,-0.01225694511962111
0.5645,-0.008231721435369876,-0.012239137521750432
0.5650000000000001,-0.00823310694241941,-0.012221347858455689
0.5655,-0.008234481208327427,-0.012203576109146463
0.5660000000000001,-0.008235844196916309,-0.012185822253217515
0.5665,-0.008237195872040304,-0.012168086270052891
0.5670000000000001,-0.008238536197585633,-0.012150368139024315
0.5675,-0.00823986513746816,-0.012132667839489075
0.5680000000000001,-0.008241182655638335,-0.012114985350793472
0.5685,-0.008242488716074914,-0.012097320652272647
0.5690000000000001,-0.00824378328279024,-0.012079673723246587
0.5695,-0.008245066319826577,-0.01206204454302473
0.5700000000000001,-0.008246337791257607,-0.012044433090903806
0.5705,-0.008247597661189265,-0.012026839346167217
0.5710000000000001,-0.008248845893757684,-0.012009263288086602
0.5715,-0.00825008245312936,-0.011991704895922328
0.5720000000000001,-0.008251307303503763,-0.011974164148920552
0.5725,-0.008252520409110342,-0.011956641026315551
0.5730000000000001,-0.008253721734209463,-0.011939135507330056
0.5735,-0.008254911243092522,-0.011921647571174476
0.5740000000000001,-0.00825608890008206,-0.011904177197044952
0.5745,-0.008257254669531422,-0.011886724364127632
0.5750000000000001,-0.008258408515824212,-0.011869289051595733
0.5755,-0.008259550403375782,-0.01185187123860909
0.5760000000000001,-0.008260680296632239,-0.011834470904316108
0.5765,-0.008261798160067724,-0.011817088027852973
0.5770000000000001,-0.008262903958191903,-0.011799722588343275
0.5775,-0.008263997655539035,-0.01178237456489828
0.5780000000000001,-0.00826507921667985,-0.011765043936616981
0.5785,-0.008266148606211887,-0.011747730682586721
0.5790000000000001,-0.008267205788764609,-0.011730434781881793
0.5795,-0.008268250728995952,-0.011713156213564446
0.58,-0.008269283391597215,-0.011695894956684938
0.5805,-0.00827030374128812,-0.01167865099028137
0.581,-0.008271311742818921,-0.011661424293378964
0.5815,-0.008272307360969844,-0.01164421484499134
0.582,-0.008273290560552982,-0.011627022624119299
0.5825,-0.008274261306408237,-0.0116098476097527
0.583,-0.008275219563407266,-0.011592689780867804
0.5835,-0.00827616529645131,-0.011575549116429718
0.584,-0.008277098470472477,-0.011558425595390442
0.5845,-0.008278019050431129,-0.011541319196690103
0.585,-0.008278927001317826,-0.011524229899257221
0.5855,-0.008279822288155658,-0.01150715768200794
0.586,-0.008280704875994693,-0.011490102523845969
0.5865,-0.008281574729915586,-0.01147306440366258
0.587,-0.0082824318150293,-0.011456043300337782
0.5875,-0.008283276096476555,-0.011439039192738754
0.588,-0.008284107539428043,-0.011422052059721022
0.5885,-0.008284926109082325,-0.011405081880127454
0.589,-0.008285731770669214,-0.011388128632790318
0.5895,-0.008286524489448832,-0.011371192296527388
0.59,-0.008287304230708503,-0.01135427285014573
0.5905,-0.008288070959766913,-0.011337370272440472
0.591,-0.008288824641971726,-0.011320484542194698
0.5915,-0.008289565242699637,-0.011303615638178832
0.592,-0.008290292727357484,-0.011286763539151978
0.5925,-0.008291007061380418,-0.011269928223860082
0.593,-0.008291708210234394,-0.01125310967103793
0.5935,-0.008292396139413016,-0.011236307859408823
0.594,-0.008293070814440251,-0.01121952276768251
0.5945,-0.008293732200868875,-0.011202754374557589
0.595,-0.008294380264279588,-0.01118600265872105
0.5955,-0.008295014970284842,-0.01116926759884651
0.596,-0.008295636284525176,-0.011152549173598092
0.5965,-0.008296244172667555,-0.011135847361624429
0.597,-0.008296838600411749,-0.01111916214156522
0.5975,-0.00829741953348373,-0.011102493492046728
0.598,-0.008297986937640722,-0.011085841391683893
0.5985,-0.008298540778666597,-0.011069205819078831
0.599,-0.0082990810223747,-0.01105258675282278
0.5995,-0.008299607634608797,-0.011035984171494262
0.6,-0.008300120581238746,-0.011019398053659812
0.6005,-0.00830061982816549,-0.011002828377875251
0.601,-0.008301105341316561,-0.010986275122681965
0.6015,-0.008301577086649636,-0.01096973826661296
0.602,-0.0083020350301512,-0.010953217788186254
0.6025,-0.00830247913783455,-0.010936713665909314
0.603,-0.008302909375743128,-0.010920225878277401
0.6035,-0.008303325709949183,-0.010903754403773447
0.604,-0.008303728106550334,-0.010887299220870783
0.6045,-0.008304116531676953,-0.01087086030802703
0.605,-0.008304490951484556,-0.01085443764369115
0.6055,-0.00830485133215858,-0.01083803120629906
0.606,-0.008305197639911777,-0.010821640974274738
0.6065,-0.008305529840986148,-0.010805266926031065
0.607,-0.008305847901651342,-0.010788909039967376
0.6075,-0.008306151788204874,-0.010772567294473345
0.608,-0.008306441466973125,-0.010756241667925437
0.6085,-0.008306716904309841,-0.01073993213868818
0.609,-0.008306978066597304,-0.010723638685115777
0.6095,-0.008307224920246825,-0.010707361285548278
0.61,-0.008307457431695697,-0.01069109991831646
0.6105,-0.008307675567409856,-0.010674854561736946
0.611,-0.00830787929388338,-0.0106586251941167
0.6115,-0.008308068577638661,-0.010642411793749473
0.612,-0.008308243385225789,-0.01062621433891825
0.6124999999999999,-0.008308403683222165,-0.010610032807892522
0.613,-0.008308549438233115,-0.010593867178932848
0.6134999999999999,-0.008308680616891773,-0.01057771743028535
0.614,-0.008308797185859307,-0.010561583540185271
0.6144999999999999,-0.008308899111823809,-0.010545465486857197
0.615,-0.008308986361502013,-0.010529363248512225
0.6154999999999999,-0.008309058901636635,-0.010513276803351512
0.616,-0.00830911669900003,-0.010497206129562564
0.6164999999999999,-0.008309159720390036,-0.010481151205322281
0.617,-0.008309187932634354,-0.010465112008796185
0.6174999999999999,-0.00830920130258489,-0.010449088518138805
0.618,-0.008309199797124356,-0.01043308071148985
0.6184999999999999,-0.008309183383160612,-0.010417088566979926
0.619,-0.008309152027629274,-0.010401112062728035
0.6194999999999999,-0.00830910569749388,-0.01038515117684019
0.62,-0.008309044359745221,-0.010369205887411637
0.6204999999999999,-0.00830896798140024,-0.010353276172526016
0.621,-0.008308876529503462,-0.010337362010254925
0.6214999999999999,-0.008308769971128227,-0.010321463378657525
0.622,-0.008308648273372576,-0.01030558025578332
0.6224999999999999,-0.008308511403363417,-0.010289712619668712
0.623,-0.008308359328253412,-0.010273860448338779
0.6234999999999999,-0.008308192015223592,-0.010258023719806775
0.624,-0.008308009431480634,-0.010242202412075518
0.6244999999999999,-0.008307811544259025,-0.010226396503134116
0.625,-0.008307598320819953,-0.01021060597096185
0.6255,-0.008307369728451364,-0.01019483079352601
0.626,-0.008307125734468124,-0.010179070948781288
0.6265,-0.008306866306211802,-0.010163326414672325
0.627,-0.008306591411051223,-0.01014759716913105
0.6275,-0.008306301016381634,-0.010131883190079016
0.628,-0.00830599508962443,-0.010116184455423727
0.6285,-0.00830567359822848,-0.010100500943064583
0.629,-0.008305336509669858,-0.010084832630886942
0.6295,-0.008304983791448617,-0.010069179496765113
0.63,-0.008304615411095118,-0.010053541518562248
0.6305,-0.00830423133616287,-0.010037918674129898
0.631,-0.008303831534234363,-0.010022310941307677
0.6315,-0.008303415972916561,-0.010006718297923545
0.632,-0.008302984619844522,-0.009991140721795355
0.6325,-0.008302537442679059,-0.009975578190728085
0.633,-0.008302074409106686,-0.009960030682514331
0.6335,-0.008301595486841284,-0.00994449817493892
0.634,-0.008301100643623216,-0.009928980645771135
0.6345,-0.00830058984721721,-0.009913478072770043
0.635,-0.008300063065416252,-0.00989799043368389
0.6355,-0.00829952026603914,-0.009882517706249483
0.636,-0.008298961416930317,-0.009867059868190697
0.6365,-0.008298386485960263,-0.009851616897221582
0.637,-0.008297795441026268,-0.009836188771044141
0.6375,-0.008297188250051102,-0.009820775467348886
0.638,-0.008296564880983626,-0.009805376963814671
0.6385,-0.008295925301799123,-0.00978999323810903
0.639,-0.008295269480498524,-0.009774624267888776
0.6395,-0.008294597385109181,-0.00975927003079724
0.64,-0.008293908983683373,-0.009743930504469589
0.6405,-0.008293204244299468,-0.009728605666525891
0.641,-0.008292483135062756,-0.009713295494578056
0.6415,-0.008291745624102842,-0.009697999966223503
0.642,-0.008290991679576531,-0.009682719059051659
0.6425,-0.00829022126966561,-0.00966745275063774
0.643,-0.00828943436257712,-0.009652201018547024
0.6435,-0.008288630926545026,-0.009636963840332413
0.644,-0.008287810929828221,-0.009621741193535593
0.6445,-0.008286974340710795,-0.009606533055689148
0.645,-0.008286121127503154,-0.00959133940430984
0.6455,-0.008285251258540571,-0.009576160216907548
0.646,-0.008284364702184854,-0.009560995470978384
0.6465,-0.008283461426822736,-0.009545845144007081
0.647,-0.008282541400865151,-0.00953070921346777
0.6475,-0.008281604592751735,-0.009515587656822977
0.648,-0.008280650970942993,-0.009500480451523796
0.6485,-0.00827968050392991,-0.009485387575009663
0.649,-0.008278693160224282,-0.009470309004709854
0.6495,-0.0082776889083655,-0.009455244718041544
0.65,-0.00827666771691793,-0.009440194692409254
0.6505,-0.008275629554471475,-0.009425158905208897
0.651,-0.008274574389639855,-0.009410137333823454
0.6515,-0.008273502191063764,-0.009395129955624415
0.652,-0.00827241292740799,-0.009380136747972667
0.6525,-0.008271306567362469,-0.009365157688217052
0.653,-0.008270183079642945,-0.009350192753696585
0.6535,-0.008269042432989093,-0.009335241921736737
0.654,-0.008267884596166952,-0.009320305169654042
0.6545,-0.008266709537965766,-0.009305382474751489
0.655,-0.008265517227201757,-0.00929047381432363
0.6555,-0.008264307632714185,-0.00927557916565036
0.656,-0.008263080723369176,-0.009260698506003584
0.6565,-0.008261836468056172,-0.009245831812640881
0.657,-0.008260574835689871,-0.00923097906281145
0.6575,-0.00825929579521023,-0.009216140233751335
0.658,-0.0082579993155813,-0.009201315302686253
0.6585,-0.008256685365792937,-0.009186504246829263
0.659,-0.008255353914858155,-0.009171707043385158
0.6595,-0.00825400493181544,-0.009156923669543626
0.66,-0.00825263838572815,-0.009142154102486255
0.6605,-0.008251254245685402,-0.009127398319381919
0.661,-0.008249852480797959,-0.009112656297389166
0.6615,-0.00824843306020373,-0.009097928013654277
0.662,-0.008246995953064384,-0.009083213445313154
0.6625,-0.008245541128565625,-0.009068512569490095
0.663,-0.008244068555918527,-0.009053825363298074
0.6635,-0.00824257820435742,-0.009039151803838685
0.664,-0.008241070043142062,-0.009024491868204532
0.6645,-0.008239544041556746,-0.009009845533474337
0.665,-0.00823800016890952,-0.008995212776715944
0.6655,-0.008236438394532086,-0.00898059357498704
0.666,-0.00823485868778262,-0.008965987905334982
0.6665,-0.008233261018041116,-0.008951395744793478
0.667,-0.008231645354713657,-0.00893681707038596
0.6675,-0.008230011667230253,-0.008922251859126484
0.668,-0.008228359925044004,-0.008907700088015946
0.6685,-0.008226690097632772,-0.008893161734044253
0.669,-0.008225002154499172,-0.008878636774192039
0.6695,-0.008223296065169527,-0.008864125185426452
0.67,-0.00822157179919375,-0.008849626944704592
0.6705,-0.008219829326146677,-0.008835142028972176
0.671,-0.008218068615625851,-0.008820670415164156
0.6715,-0.008216289637254626,-0.008806212080204545
0.672,-0.008214492360679171,-0.008791767001005923
0.6725,-0.008212676755568915,-0.008777335154469212
0.673,-0.00821084279161921,-0.008762916517484287
0.6735,-0.008208990438547448,-0.008748511066931364
0.674,-0.008207119666095886,-0.008734118779678557
0.6745,-0.008205230444030098,-0.008719739632582213
0.675,-0.008203322742139418,-0.008705373602488797
0.6755,-0.008201396530237715,-0.008691020666233729
0.676,-0.008199451778161171,-0.008676680800639602
0.6765,-0.00819748845577184,-0.0086623539825198
0.6769999999999999,-0.008195506532953367,-0.008648040188675654
0.6775,-0.008193505979613214,-0.008633739395898787
0.6779999999999999,-0.008191486765685041,-0.008619451580967608
0.6785,-0.008189448861122828,-0.00860517672065142
0.6789999999999999,-0.008187392235905644,-0.00859091479170676
0.6795,-0.00818531686003604,-0.008576665770881231
0.6799999999999999,-0.008183222703540827,-0.008562429634909163
0.6805,-0.008181109736467906,-0.008548206360515731
0.6809999999999999,-0.008178977928891884,-0.008533995924413451
0.6815,-0.00817682725090818,-0.008519798303304515
0.6819999999999999,-0.008174657672636698,-0.008505613473880735
0.6825,-0.008172469164221707,-0.008491441412822598
0.6829999999999999,-0.008170261695828296,-0.008477282096798877
0.6835,-0.008168035237647142,-0.008463135502467134
0.6839999999999999,-0.008165789759890907,-0.008449001606475715
0.6845,-0.008163525232797175,-0.008434880385459864
0.6849999999999999,-0.008161241626624627,-0.008420771816045391
0.6855,-0.008158938911656533,-0.008406675874846337
0.6859999999999999,-0.008156617058199478,-0.008392592538465637
0.6865,-0.008154276036582309,-0.008378521783495352
0.6869999999999999,-0.008151915817157851,-0.008364463586516768
0.6875,-0.008149536370301358,-0.008350417924101183
0.688,-0.008147137666411619,-0.00833638477280646
0.6885,-0.008144719675910683,-0.008322364109181468
0.689,-0.008142282369243303,-0.008308355909763088
0.6895,-0.008139825716877047,-0.008294360151078484
0.69,-0.008137349689303075,-0.008280376809642498
0.6905,-0.008134854257034474,-0.008266405861959869
0.691,-0.008132339390608367,-0.008252447284523567
0.6915,-0.008129805060585527,-0.008238501053816183
0.692,-0.008127251237546262,-0.008224567146309869
0.6925,-0.008124677892097587,-0.008210645538465455
0.693,-0.00812208499486683,-0.008196736206731725
0.6935,-0.008119472516504855,-0.008182839127547525
0.694,-0.008116840427686456,-0.008168954277341767
0.6945,-0.00811418869910746,-0.00815508163252987
0.695,-0.008111517301487292,-0.008141221169518764
0.6955,-0.008108826205567465,-0.008127372864703886
0.696,-0.008106115382113532,-0.008113536694468237
0.6965,-0.00810338480191225,-0.00809971263518594
0.697,-0.008100634435773635,-0.008085900663218848
0.6975,-0.008097864254530185,-0.008072100754918654
0.698,-0.008095074229037102,-0.008058312886626007
0.6985,-0.008092264330171461,-0.008044537034670451
0.699,-0.008089434528834372,-0.008030773175370542
0.6995,-0.008086584795948593,-0.008017021285034287
0.7,-0.008083715102458311,-0.008003281339958479
0.7005,-0.008080825419331472,-0.00798955331642931
0.701,-0.008077915717558892,-0.007975837190722368
0.7015,-0.008074985968151871,-0.00796213293910114
0.702,-0.008072036142146133,-0.007948440537820012
0.7025,-0.008069066210598441,-0.00793475996312093
0.703,-0.008066076144588152,-0.007921091191235463
0.7035,-0.008063065915217493,-0.007907434198385521
0.704,-0.008060035493610673,-0.007893788960779968
0.7045,-0.008056984850913662,-0.007880155454618454
0.705,-0.008053913958295023,-0.007866533656089247
0.7055,-0.0080508227869458,-0.007852923541369905
0.706,-0.008047711308078631,-0.007839325086626714
0.7065,-0.008044579492928638,-0.007825738268015525
0.707,-0.008041427312753313,-0.007812163061681365
0.7075,-0.008038254738832407,-0.007798599443758714
0.708,-0.008035061742466432,-0.007785047390369559
0.7085,-0.008031848294979549,-0.0077715068776282314
0.709,-0.00802861436771718,-0.007757977881634626
0.7095,-0.008025359932046783,-0.007744460378481088
0.71,-0.008022084959358022,-0.007730954344245922
0.7105,-0.008018789421061934,-0.007717459754999989
0.711,-0.008015473288592756,-0.007703976586800276
0.7115,-0.008012136533405045,-0.007690504815694776
0.712,-0.00800877912697645,-0.00767704441772038
0.7125,-0.008005401040806381,-0.007663595368902765
0.713,-0.008002002246414897,-0.007650157645257616
0.7135,-0.007998582715346036,-0.007636731222788129
0.714,-0.00799514241916327,-0.007623316077489561
0.7145,-0.00799168132945377,-0.007609912185343348
0.715,-0.007988199417824693,-0.007596519522322098
0.7155,-0.007984696655906953,-0.007583138064386208
0.716,-0.007981173015351839,-0.007569767787487358
0.7165,-0.007977628467832176,-0.007556408667564074
0.717,-0.007974062985042718,-0.007543060680545777
0.7175,-0.00797047653870031,-0.007529723802351063
0.718,-0.007966869100543394,-0.007516398008886149
0.7185,-0.007963240642331115,-0.007503083276047984
0.719,-0.007959591135845323,-0.0074897795797225775
0.7195,-0.007955920552887685,-0.007476486895785672
0.72,-0.007952228865283684,-0.007463205200100853
0.7205,-0.007948516044879173,-0.007449934468520603
0.721,-0.0079447820635411,-0.007436674676890187
0.7215,-0.007941026893157621,-0.0074234258010396625
0.722,-0.007937250505640092,-0.007410187816791425
0.7225,-0.007933452872919133,-0.007396960699955213
0.723,-0.007929633966948124,-0.007383744426331107
0.7235,-0.00792579375970176,-0.007370538971709084
0.724,-0.007921932223175443,-0.007357344311866243
0.7245,-0.007918049329386001,-0.007344160422571688
0.725,-0.007914145050372079,-0.0073309872795810915
0.7255,-0.007910219358192527,-0.007317824858641242
0.726,-0.007906272224928512,-0.007304673135487161
0.7265,-0.007902303622682239,-0.007291532085844821
0.727,-0.007898313523577283,-0.007278401685426872
0.7275,-0.00789430189975715,-0.0072652819099374155
0.728,-0.00789026872338816,-0.007252172735069173
0.7285,-0.007886213966656619,-0.007239074136503543
0.729,-0.007882137601769867,-0.007225986089912401
0.7295,-0.007878039600958064,-0.0072129085709563
0.73,-0.007873919936470408,-0.007199841555284303
0.7305,-0.007869778580577913,-0.0071867850185365345
0.731,-0.007865615505573187,-0.007173738936340768
0.7315,-0.007861430683768433,-0.0071607032843157
0.732,-0.007857224087498116,-0.007147678038067318
0.7325,-0.007852995689117293,-0.0071346631731926125
0.733,-0.00784874546100206,-0.007121658665277031
0.7335,-0.007844473375549388,-0.0071086644898961104
0.734,-0.00784017940517634,-0.007095680622613787
0.7345,-0.007835863522322184,-0.00708270703898467
0.735,-0.00783152569944584,-0.007069743714550769
0.7355,-0.0078271659090286,-0.0070567906248446555
0.736,-0.007822784123570792,-0.007043847745388743
0.7365,-0.007818380315594342,-0.007030915051693509
0.737,-0.007813954457642491,-0.007017992519258998
0.7375,-0.007809506522277798,-0.007005080123575785
0.738,-0.007805036482085859,-0.006992177840122765
0.7385,-0.007800544309670088,-0.006979285644368199
0.739,-0.007796029977656493,-0.006966403511769775
0.7395,-0.007791493458691512,-0.006953531417775299
0.74,-0.007786934725441896,-0.006940669337820532
0.7404999999999999,-0.007782353750594995,-0.0069278172473321575
0.741,-0.00777775050685986,-0.006914975121724176
0.7414999999999999,-0.007773124966963141,-0.006902142936402428
0.742,-0.0077684771036554134,-0.006889320666760929
0.7424999999999999,-0.007763806889706515,-0.006876508288181621
0.743,-0.007759114297905989,-0.006863705776038814
0.7434999999999999,-0.007754399301065473,-0.006850913105693496
0.744,-0.007749661872015756,-0.006838130252497687
0.7444999999999999,-0.007744901983608166,-0.00682535719179278
0.745,-0.007740119608715346,-0.0068125938989076484
0.7454999999999999,-0.007735314720229314,-0.0067998403491627
0.746,-0.007730487291063737,-0.006787096517867047
0.7464999999999999,-0.007725637294151211,-0.006774362380319088
0.747,-0.007720764702445537,-0.0067616379118064784
0.7474999999999999,-0.007715869488921334,-0.006748923087606107
0.748,-0.007710951626571871,-0.006736217882985951
0.7484999999999999,-0.007706011088412124,-0.006723522273199778
0.749,-0.007701047847477549,-0.006710836233494555
0.7494999999999999,-0.007696061876822424,-0.006698159739105342
0.75,-0.007691053149522231,-0.006685492765254375
0.7505,-0.007686021638672991,-0.0066728352871574526
0.751,-0.007680967317389986,-0.006660187280016633
0.7515,-0.0076758901588092066,-0.006647548719024038
0.752,-0.007670790136086514,-0.006634919579362436
0.7525,-0.007665667222398476,-0.006622299836202161
0.753,-0.007660521390941422,-0.006609689464704749
0.7535,-0.007655352614930999,-0.006597088440019938
0.754,-0.007650160867604616,-0.006584496737286588
0.7545,-0.007644946122217999,-0.0065719143316347595
0.755,-0.007639708352048191,-0.0065593411981824945
0.7555,-0.007634447530391275,-0.0065467773120370665
0.756,-0.007629163630564539,-0.006534222648296867
0.7565,-0.007623856625903314,-0.006521677182047547
0.757,-0.007618526489765465,-0.006509140888365739
0.7575,-0.0076131731955264015,-0.0064966137423166925
0.758,-0.0076077967165820715,-0.006484095718955696
0.7585,-0.007602397026349905,-0.006471586793327266
0.759,-0.007596974098265097,-0.0064590869404655415
0.7595,-0.007591527905783713,-0.006446596135393529
0.76,-0.007586058422381636,-0.006434114353123521
0.7605,-0.007580565621554403,-0.006421641568658598
0.761,-0.007575049476817475,-0.006409177756989931
0.7615,-0.007569509961705745,-0.006396722893099421
0.762,-0.0075639470497747,-0.006384276951957091
0.7625,-0.007558360714598089,-0.006371839908523358
0.763,-0.007552750929771368,-0.00635941173774715
0.7635,-0.007547117668907366,-0.006346992414568542
0.764,-0.007541460905640673,-0.006334581913915144
0.7645,-0.007535780613624754,-0.006322180210705436
0.765,-0.007530076766532501,-0.006309787279846241
0.7655,-0.007524349338056735,-0.006297403096234749
0.766,-0.007518598301909096,-0.00628502763475805
0.7665,-0.007512823631822596,-0.006272660870290991
0.767,-0.007507025301548009,-0.006260302777699317
0.7675,-0.00750120328485554,-0.006247953331838363
0.768,-0.007495357555537818,-0.006235612507551502
0.7685,-0.00748948808740274,-0.006223280279673032
0.769,-0.007483594854280906,-0.006210956623026148
0.7695,-0.007477677830021845,-0.006198641512423331
0.77,-0.007471736988493183,-0.006186334922667902
0.7705,-0.007465772303583085,-0.0061740368285497504
0.771,-0.007459783749199422,-0.006161747204851742
0.7715,-0.007453771299267831,-0.0061494660263442524
0.772,-0.007447734927735983,-0.0061371932677866115
0.7725,-0.0074416746085675944,-0.006124928903929766
0.773,-0.0074355903157489744,-0.006112672909512534
0.7735,-0.0074294820232835845,-0.0061004252592636865
0.774,-0.007423349705195814,-0.006088185927900919
0.7745,-0.007417193335527261,-0.006075954890132379
0.775,-0.007411012888340396,-0.006063732120655696
0.7755,-0.007404808337716784,-0.006051517594157035
0.776,-0.007398579657756976,-0.006039311285313181
0.7765,-0.0073923268225810634,-0.006027113168789899
0.777,-0.007386049806327455,-0.006014923219241575
0.7775,-0.007379748583154322,-0.006002741411314294
0.778,-0.007373423127239709,-0.005990567719641765
0.7785,-0.007367073412779146,-0.0059784021188480085
0.779,-0.007360699413989535,-0.005966244583546276
0.7795,-0.007354301105104322,-0.005954095088339301
0.78,-0.007347878460378154,-0.005941953607820877
0.7805,-0.007341431454084113,-0.005929820116571033
0.781,-0.007334960060513596,-0.00591769458916247
0.7815,-0.007328464253977707,-0.005905577000155954
0.782,-0.007321944008807257,-0.00589346732410162
0.7825,-0.007315399299350267,-0.0058813655355405
0.783,-0.007308830099975683,-0.005869271609001775
0.7835,-0.0073022363850703265,-0.00585718551900391
0.784,-0.007295618129039949,-0.005845107240056963
0.7845,-0.00728897530630962,-0.005833036746657971
0.785,-0.00728230789132317,-0.005820974013295815
0.7855,-0.007275615858543749,-0.0058089190144473
0.786,-0.007268899182452548,-0.005796871724578517
0.7865,-0.00726215783755052,-0.0057848321181472595
0.787,-0.007255391798356159,-0.005772800169599135
0.7875,-0.007248601039409053,-0.005760775853369149
0.788,-0.007241785535265222,-0.00574875914388287
0.7885,-0.007234945260501002,-0.005736750015554737
0.789,-0.007228080189710773,-0.005724748442788807
0.7895,-0.007221190297508007,-0.005712754399979675
0.79,-0.007214275558525107,-0.005700767861509415
0.7905,-0.007207335947412796,-0.0056887888017516375
0.791,-0.007200371438840336,-0.005676817195069045
0.7915,-0.0071933820074970845,-0.00566485301581332
0.792,-0.0071863676280886635,-0.005652896238325322
0.7925,-0.007179328275341679,-0.0056409468369365
0.793,-0.007172263924000666,-0.00562900478596845
0.7935,-0.00716517454882748,-0.005617070059731194
0.794,-0.0071580601246044595,-0.005605142632523152
0.7945,-0.007150920626132318,-0.005593222478635224
0.795,-0.007143756028228254,-0.005581309572346316
0.7955,-0.0071365663057313955,-0.005569403887924207
0.796,-0.007129351433496411,-0.005557505399627294
0.7965,-0.007122111386397789,-0.005545614081703287
0.797,-0.007114846139328945,-0.005533729908390184
0.7975,-0.007107555667201559,-0.005521852853913323
0.798,-0.007100239944944908,-0.005509982892490578
0.7985,-0.007092898947507642,-0.0054981199983275275
0.799,-0.0070855326498566185,-0.005486264145618591
0.7995,-0.007078141026976514,-0.005474415308550806
0.8,-0.007070724053872657,-0.0054625734612983035
0.8005,-0.007063281705565472,-0.005450738578024722
0.801,-0.007055813957096202,-0.005438910632884875
0.8015,-0.007048320783523965,-0.005427089600022306
0.802,-0.0070408021599261406,-0.005415275453569152
0.8025,-0.007033258061397485,-0.005403468167649583
0.803,-0.00702568846305196,-0.005391667716374282
0.8035,-0.007018093340022902,-0.005379874073846602
0.8039999999999999,-0.007010472667459466,-0.005368087214157297
0.8045,-0.007002826420531072,-0.005356307111387654
0.8049999999999999,-0.006995154574425122,-0.005344533739608526
0.8055,-0.006987457104346617,-0.005332767072879857
0.8059999999999999,-0.006979733985518988,-0.0053210070852514335
0.8065,-0.006971985193183927,-0.005309253750763354
0.8069999999999999,-0.006964210702601059,-0.005297507043444505
0.8075,-0.00695641048904988,-0.005285766937313224
0.8079999999999999,-0.006948584527824708,-0.005274033406378692
0.8085,-0.006940732794241233,-0.005262306424638125
0.8089999999999999,-0.006932855263632354,-0.005250585966078747
0.8095,-0.006924951911347732,-0.005238872004678208
0.8099999999999999,-0.006917022712756515,-0.005227164514403304
0.8105,-0.006909067643246503,-0.005215463469210341
0.8109999999999999,-0.006901086678221147,-0.005203768843045381
0.8115,-0.006893079793105106,-0.005192080609844052
0.8119999999999999,-0.00688504696333786,-0.005180398743531156
0.8125,-0.006876988164379594,-0.00516872321802167
0.813,-0.006868903371706814,-0.005157054007220024
0.8135,-0.006860792560815343,-0.005145391085020906
0.814,-0.006852655707217492,-0.0051337344253073736
0.8145,-0.006844492786444334,-0.005122084001952049
0.815,-0.00683630377404576,-0.0051104397888192266
0.8155,-0.006828088645588037,-0.005098801759760491
0.816,-0.006819847376656252,-0.005087169888618792
0.8165,-0.0068115799428531965,-0.005075544149225397
0.817,-0.006803286319799429,-0.005063924515401386
0.8175,-0.00679496648313388,-0.005052310960958456
0.818,-0.0067866204085121895,-0.005040703459696844
0.8185,-0.006778248071608872,-0.005029101985407153
0.819,-0.006769849448117038,-0.005017506511869052
0.8195,-0.006761424513745562,-0.005005917012851857
0.82,-0.006752973244221694,-0.00499433346211578
0.8205,-0.006744495615292334,-0.004982755833408986
0.821,-0.006735991602719649,-0.004971184100468984
0.8215,-0.006727461182285455,-0.004959618237025121
0.822,-0.006718904329788056,-0.004948058216795448
0.8225,-0.006710321021043797,-0.004936504013486304
0.823,-0.006701711231887897,-0.004924955600794451
0.8235,-0.006693074938170729,-0.004913412952407797
0.824,-0.006684412115763316,-0.004901876042001513
0.8245,-0.006675722740552115,-0.004890344843241995
0.825,-0.006667006788442231,-0.004878819329784817
0.8255,-0.006658264235356315,-0.004867299475275144
0.826,-0.006649495057234223,-0.004855785253347289
0.8265,-0.006640699230034575,-0.004844276637626238
0.827,-0.006631876729732089,-0.004832773601726292
0.8275,-0.006623027532320025,-0.004821276119250789
0.828,-0.006614151613809349,-0.004809784163793213
0.8285,-0.006605248950227238,-0.004798297708937194
0.829,-0.006596319517620186,-0.004786816728253873
0.8295,-0.006587363292050896,-0.004775341195308258
0.83,-0.006578380249600058,-0.004763871083649729
0.8305,-0.0065693703663664005,-0.004752406366821171
0.831,-0.006560333618465142,-0.004740947018353675
0.8315,-0.0065512699820297615,-0.004729493011768809
0.832,-0.006542179433210726,-0.004718044320576098
0.8325,-0.006533061948175933,-0.0047066009182757385
0.833,-0.006523917503111321,-0.0046951627783586025
0.8335,-0.006514746074218758,-0.004683729874304959
0.834,-0.0065055476377196,-0.004672302179581894
0.8345,-0.006496322169851632,-0.004660879667649359
0.835,-0.006487069646869681,-0.004649462311956287
0.8355,-0.006477790045045673,-0.004638050085940565
0.836,-0.006468483340669795,-0.004626642963029476
0.8365,-0.006459149510048667,-0.004615240916640506
0.837,-0.006449788529507672,-0.004603843920182316
0.8375,-0.006440400375387345,-0.0045924519470506575
0.838,-0.0064309850240480415,-0.004581064970631571
0.8385,-0.006421542451864826,-0.004569682964302102
0.839,-0.006412072635231636,-0.0045583059014275285
0.8395,-0.006402575550560119,-0.004546933755363913
0.84,-0.006393051174277298,-0.00453556649945544
0.8405,-0.006383499482828431,-0.004524204107037633
0.841,-0.006373920452677206,-0.004512846551434996
0.8415,-0.006364314060301579,-0.0045014938059615706
0.842,-0.006354680282199626,-0.004490145843921184
0.8425,-0.006345019094885024,-0.004478802638606533
0.843,-0.0063353304748886285,-0.004467464163301488
0.8435,-0.006325614398759061,-0.004456130391280094
0.844,-0.006315870843061788,-0.00444480129580227
0.8445,-0.0063060997843793765,-0.004433476850121909
0.845,-0.006296301199311349,-0.004422157027480389
0.8455,-0.006286475064474828,-0.00441084180110865
0.846,-0.006276621356503115,-0.0043995311442293905
0.8465,-0.006266740052047581,-0.00438822503005129
0.847,-0.00625683112777578,-0.004376923431776342
0.8475,-0.0062468945603728065,-0.0043656263225944625
0.848,-0.006236930326540713,-0.004354333675685579
0.8485,-0.006226938402998317,-0.0043430454642185146
0.849,-0.0062169187664822545,-0.004331761661353517
0.8495,-0.006206871393745178,-0.004320482240239232
0.85,-0.006196796261556198,-0.004309207174013202
0.8505,-0.0061866933467041585,-0.004297936435803618
0.851,-0.006176562625991117,-0.004286669998730647
0.8515,-0.00616640407623853,-0.004275407835899275
0.852,-0.006156217674284342,-0.0042641499204084665
0.8525,-0.006146003396983124,-0.004252896225344249
0.853,-0.006135761221205627,-0.004241646723783132
0.8535,-0.006125491123841392,-0.004230401388792715
0.854,-0.0061151930817950895,-0.004219160193426913
0.8545,-0.006104867071988873,-0.0042079231107332304
0.855,-0.0060945130713621065,-0.004196690113745655
0.8555,-0.006084131056870251,-0.004185461175490818
0.856,-0.006073721005485644,-0.004174236268981502
0.8565,-0.006063282894198746,-0.004163015367222744
0.857,-0.0060528167000147015,-0.004151798443209287
0.8575,-0.006042322399956723,-0.004140585469924601
0.858,-0.006031799971064372,-0.004129376420341779
0.8585,-0.0060212493903955555,-0.004118171267423643
0.859,-0.006010670635022475,-0.004106969984123604
0.8595,-0.006000063682034901,-0.004095772543384113
0.86,-0.005989428508539674,-0.004084578918137183
0.8605,-0.0059787650916605095,-0.004073389081303946
0.861,-0.005968073408537639,-0.0040622030057970715
0.8615,-0.005957353436327917,-0.004051020664517874
0.862,-0.005946605152203965,-0.004039842030355845
0.8625,-0.005935828533357224,-0.004028667076192288
0.863,-0.005925023556994036,-0.0040174957748981
0.8635,-0.005914190200336705,-0.004006328099332768
0.864,-0.005903328440625799,-0.003995164022346037
0.8645,-0.005892438255119287,-0.003984003516776274
0.865,-0.005881519621089126,-0.003972846555453768
0.8655,-0.005870572515824929,-0.003961693111197845
0.866,-0.005859596916634041,-0.003950543156814201
0.8665,-0.005848592800838631,-0.003939396665102818
0.867,-0.005837560145778686,-0.003928253608851684
0.8675,-0.00582649892881007,-0.003917113960838214
0.868,-0.005815409127305049,-0.003905977693828666
0.8684999999999999,-0.0058042907186531545,-0.003894844780580775
0.869,-0.005793143680259988,-0.003883715193839926
0.8694999999999999,-0.005781967989547276,-0.003872588906343344
0.87,-0.00577076362395304,-0.003861465890817428
0.8704999999999999,-0.0057595305609332015,-0.003850346119976561
0.871,-0.0057482687779598085,-0.003839229566526159
0.8714999999999999,-0.005736978252519176,-0.003828116203162063
0.872,-0.005725658962116131,-0.0038170060025690955
0.8724999999999999,-0.005714310884271767,-0.003805898937420421
0.873,-0.005702933996523607,-0.0037947949803802394
0.8734999999999999,-0.005691528276424052,-0.0037836941041035355
0.874,-0.005680093701543737,-0.003772596281233026
0.8744999999999999,-0.005668630249469314,-0.0037615014844016303
0.875,-0.005657137897802811,-0.0037504096862319147
0.8755,-0.005645616624163852,-0.0037393208593377303
0.876,-0.0056340664061863,-0.0037282349763205075
0.8765,-0.005622487221524003,-0.003717152009771754
0.877,-0.0056108790478435755,-0.0037060719322729446
0.8775,-0.005599241862829174,-0.0036949947163967684
0.878,-0.005587575644182247,-0.003683920334703439
0.8785,-0.00557588036961898,-0.003672848759743233
0.879,-0.0055641560168729065,-0.0036617799640563525
0.8795,-0.005552402563693243,-0.003650713920174159
0.88,-0.00554061998784483,-0.0036396506006163565
0.8805,-0.005528808267111385,-0.0036285899778906033
0.881,-0.005516967379289861,-0.003617532024497161
0.8815,-0.005505097302194145,-0.003606476712925369
0.882,-0.005493198013655526,-0.003595424015653964
0.8825,-0.005481269491520224,-0.00358437390515029
0.883,-0.005469311713652059,-0.0035733263538719057
0.8835,-0.00545732465792878,-0.003562281334267489
0.884,-0.00544530830224596,-0.003551238818774824
0.8845,-0.005433262624515295,-0.003540198779819523
0.885,-0.005421187602664246,-0.0035291611898186637
0.8855,-0.005409083214635985,-0.0035181260211797905
0.886,-0.005396949438390697,-0.003507093246298318
0.8865,-0.005384786251903778,-0.0034960628375593633
0.887,-0.005372593633167638,-0.003485034767339343
0.8875,-0.005360371560189897,-0.0034740090080029873
0.888,-0.0053481200109951055,-0.003462985531905549
0.8885,-0.0053358389636224135,-0.003451964311391484
0.889,-0.005323528396128652,-0.0034409453187948386
0.8895,-0.005311188286586166,-0.003429928526440626
0.89,-0.005298818613082679,-0.0034189139066412577
0.8905,-0.005286419353722788,-0.0034079014317011797
0.891,-0.005273990486626912,-0.00339689107391164
0.8915,-0.00526153198993079,-0.0033858828055576967
0.892,-0.005249043841786816,-0.003374876598911128
0.8925,-0.005236526020363397,-0.003363872426233372
0.893,-0.005223978503844928,-0.003352870259776236
0.8935,-0.0052114012704305435,-0.003341870071782646
0.894,-0.005198794298336945,-0.0033308718344831623
0.8945,-0.005186157565795907,-0.003319875520097798
0.895,-0.005173491051056162,-0.003308881100838365
0.8955,-0.005160794732380486,-0.003297888548904851
0.896,-0.005148068588048588,-0.0032868978364876816
0.8965,-0.005135312596356467,-0.003275908935766264
0.897,-0.005122526735615945,-0.003264921818909
0.8975,-0.005109710984153748,-0.0032539364580766172
0.898,-0.005096865320313115,-0.0032429528254174222
0.8985,-0.005083989722453275,-0.0032319708930700075
0.899,-0.005071084168949025,-0.0032209906331621546
0.8995,-0.005058148638191345,-0.003210012017811903
0.9,-0.00504518310858601,-0.003199035019127827
0.9005,-0.005032187558556472,-0.003188059609206151
0.901,-0.005019161966539787,-0.0031770857601335356
0.9015,-0.005006106310990632,-0.0031661134439874283
0.902,-0.004993020570377815,-0.003155142632834937
0.9025,-0.004979904723187822,-0.003144173298730346
0.903,-0.004966758747920963,-0.0031332054137204746
0.9035,-0.00495358262309506,-0.00312223894984108
0.904,-0.00494037632724198,-0.003111273879117249
0.9045,-0.004927139838910605,-0.0031003101735632838
0.905,-0.004913873136664498,-0.0030893478051836065
0.9055,-0.004900576199084072,-0.003078386745973119
0.906,-0.0048872490047643935,-0.003067426967916176
0.9065,-0.004873891532317154,-0.0030564684429850303
0.907,-0.004860503760369395,-0.00304551114314372
0.9075,-0.004847085667562784,-0.003034555040345263
0.908,-0.004833637232555754,-0.003023600106533006
0.9085,-0.004820158434022392,-0.0030126463136384424
0.909,-0.004806649250652578,-0.0030016936335835187
0.9095,-0.0047931096611503465,-0.002990742038281133
0.91,-0.0047795396442375515,-0.0029797914996323727
0.9105,-0.004765939178649675,-0.0029688419895278345
0.911,-0.004752308243139075,-0.0029578934798480117
0.9115,-0.004738646816473152,-0.0029469459424653205
0.912,-0.004724954877434656,-0.0029359993492387437
0.9125,-0.004711232404823046,-0.002925053672018424
0.913,-0.004697479377451574,-0.0029141088826429296
0.9135,-0.004683695774150121,-0.0029031649529435016
0.914,-0.0046698815737648,-0.0028922218547385997
0.9145,-0.00465603675515508,-0.002881279559836483
0.915,-0.00464216129719916,-0.0028703380400348644
0.9155,-0.004628255178786511,-0.0028593972671229484
0.916,-0.004614318378826698,-0.002848457212879532
0.9165,-0.004600350876241582,-0.002837517849069618
0.917,-0.004586352649969455,-0.002826579147451269
0.9175,-0.004572323678963569,-0.00281564107977203
0.918,-0.004558263942193691,-0.0028047036177681894
0.9185,-0.00454417341864477,-0.0027937667331657534
0.919,-0.004530052087317743,-0.0027828303976802915
0.9195,-0.004515899927225786,-0.002771894583017964
0.92,-0.004501716917402171,-0.0027609592608745237
0.9205,-0.004487503036892021,-0.002750024402933232
0.921,-0.004473258264757168,-0.002739089980870482
0.9215,-0.004458982580076071,-0.0027281559663489413
0.922,-0.004444675961939676,-0.002717222331025046
0.9225,-0.004430338389457,-0.002706289046540619
0.923,-0.004415969841751077,-0.0026953560845295044
0.9235,-0.004401570297960816,-0.002684423416614401
0.924,-0.004387139737239837,-0.0026734910144096263
0.9245,-0.004372678138757885,-0.002662558849515842
0.925,-0.004358185481700194,-0.0026516268935254522
0.9255,-0.004343661745265515,-0.002640695118021563
0.926,-0.004329106908670166,-0.0026297634945748605
0.9265,-0.004314520951144735,-0.0026188319947460237
0.927,-0.004299903851935016,-0.002607900590086254
0.9275,-0.004285255590302128,-0.0025969692521368853
0.928,-0.004270576145522592,-0.002586037952427761
0.9285,-0.004255865496888972,-0.002575106662478399
0.929,-0.004241123623707488,-0.0025641753537983675
0.9295,-0.0042263505053004025,-0.0025532439978874083
0.93,-0.00421154612100591,-0.002542312566234259
0.9305,-0.004196710450176,-0.002531381030317331
0.931,-0.00418184347217998,-0.002520449361605198
0.9315,-0.004166945166399538,-0.0025095175315565377
0.932,-0.004152015512233792,-0.0024985855116181344
0.9325,-0.0041370544890968475,-0.0024876532732274748
0.9329999999999999,-0.004122062076416244,-0.0024767207878122616
0.9335,-0.004107038253637785,-0.0024657880267871662
0.9339999999999999,-0.004091983000219568,-0.002454854961561184
0.9345,-0.004076896295635901,-0.0024439215635296413
0.9349999999999999,-0.0040617781193759694,-0.0024329878040779546
0.9355,-0.004046628450945028,-0.002422053654580425
0.9359999999999999,-0.004031447269863181,-0.0024111190864038318
0.9365,-0.004016234555664189,-0.002400184070902839
0.9369999999999999,-0.0040009902878992976,-0.0023892485794211327
0.9375,-0.003985714446133215,-0.0023783125832929908
0.938,-0.0039704070099453315,-0.002367376053842213
0.9385,-0.003955067958932079,-0.0023564389623829674
0.939,-0.0039396972727037405,-0.0023455012802175434
0.9395,-0.003924294930885669,-0.0023345629786390293
0.94,-0.00390886091311779,-0.0023236240289301185
0.9405,-0.0038933951990565707,-0.0023126844023628745
0.941,-0.003877897768371802,-0.002301744070199216
0.9415,-0.003862368600750926,-0.0022908030036895427
0.942,-0.0038468076758931546,-0.0022798611740768027
0.9425,-0.0038312149735142687,-0.0022689185525914396
0.943,-0.0038155904733460644,-0.0022579751104528506
0.9435,-0.0037999341551335775,-0.002247030818871426
0.944,-0.0037842459986383026,-0.0022360856490483555
0.9445,-0.003768525983634946,-0.0022251395721721856
0.945,-0.0037527740899153117,-0.002214192559421735
0.9455,-0.003736990297284526,-0.002203244581966607
0.946,-0.0037211745855641465,-0.002192295610964415
0.9465,-0.0037053269345889983,-0.002181345617565278
0.947,-0.003689447324210421,-0.0021703945729046464
0.9475,-0.003673535734294048,-0.0021594424481113095
0.948,-0.003657592144719779,-0.0021484892143020656
0.9485,-0.0036416165353831687,-0.0021375348425841795
0.949,-0.003625608886195286,-0.0021265793040537717
0.9495,-0.003609569177080857,-0.0021156225697968045
0.95,-0.0035934973879807874,-0.002104664610889123
0.9505,-0.003577393498848669,-0.0020937053983970944
0.951,-0.0035612574896559945,-0.0020827449033748585
0.9515,-0.0035450893403872474,-0.0020717830968674245
0.952,-0.003528889031041954,-0.0020608199499092678
0.9525,-0.0035126565416346844,-0.0020498554335257047
0.953,-0.003496391852195385,-0.0020388895187282846
0.9535,-0.0034800949427680195,-0.0020279221765213823
0.954,-0.0034637657934116217,-0.002016953377899297
0.9545,-0.003447404384200603,-0.002005983093843783
0.955,-0.00343101069522328,-0.0019950112953265042
0.9555,-0.00341458470658354,-0.0019840379533104247
0.956,-0.003398126398399731,-0.0019730630387470305
0.9565,-0.0033816357508053285,-0.0019620865225782186
0.957,-0.0033651127439481843,-0.0019511083757341036
0.9575,-0.0033485573579914996,-0.0019401285691355852
0.958,-0.0033319695731120202,-0.001929147073693148
0.9585,-0.0033153493695031178,-0.0019181638603078185
0.959,-0.0032986967273715417,-0.0019071788998674885
0.9595,-0.0032820116269389743,-0.0018961921632514311
0.96,-0.003265294048442391,-0.0018852036213298229
0.9605,-0.003248543972132617,-0.0018742132449609122
0.961,-0.003231761378276271,-0.0018632210049926365
0.9615,-0.0032149462471546264,-0.001852226872262254
0.962,-0.0031980985590622235,-0.0018412308175983216
0.9625,-0.0031812182943102008,-0.0018302328118181832
0.963,-0.0031643054332223253,-0.0018192328257274001
0.9635,-0.003147359956140322,-0.0018082308301230615
0.964,-0.0031303818434167408,-0.0017972267957914734
0.9645,-0.003113371075421062,-0.0017862206935083946
0.965,-0.003096327632537532,-0.0017752124940389122
0.9655,-0.0030792514951637623,-0.0017642021681375311
0.966,-0.0030621426437136973,-0.0017531896865503188
0.9665,-0.0030450010586145076,-0.0017421750200105404
0.967,-0.003027826720308019,-0.0017311581392423503
0.9675,-0.0030106196092520715,-0.0017201390149595291
0.968,-0.002993379705918134,-0.001709117617864478
0.9685,-0.0029761069907915383,-0.0016980939186515623
0.969,-0.002958801444374215,-0.0016870678880019571
0.9695,-0.002941463047181389,-0.0016760394965882539
0.97,-0.002924091779742441,-0.0016650087150723858
0.9705,-0.0029066876226021554,-0.001653975514105649
0.971,-0.0028892505563205273,-0.0016429398643292153
0.9715,-0.0028717805614707492,-0.0016319017363731203
0.972,-0.002854277618641307,-0.0016208611008585172
0.9725,-0.002836741708435203,-0.0016098179283952352
0.973,-0.0028191728114694142,-0.0015987721895822996
0.9735,-0.002801570908376849,-0.001587723855008251
0.974,-0.002783935979803573,-0.0015766728952541983
0.9745,-0.002766268006410333,-0.0015656192808874286
0.975,-0.002748566968873614,-0.0015545629824651672
0.9755,-0.002730832847882919,-0.0015435039705351955
0.976,-0.0027130656241433904,-0.001532442215636913
0.9765,-0.002695265278373757,-0.0015213776882957095
0.977,-0.0026774317913078466,-0.001510310359027149
0.9775,-0.002659565143694448,-0.001499240198339108
0.978,-0.002641665316295186,-0.0014881671767273327
0.9785,-0.0026237322898874232,-0.0014770912646771273
0.979,-0.002605766045263691,-0.0014660124326633522
0.9795,-0.0025877665632293295,-0.0014549306511498494
0.98,-0.002569733824604556,-0.0014438458905926613
0.9805,-0.002551667810225061,-0.0014327581214349516
0.981,-0.0025335685009402614,-0.0014216673141101768
0.9815,-0.002515435877613409,-0.001410573439041364
0.982,-0.002497269921123285,-0.0013994764666415832
0.9825,-0.002479070612362494,-0.0013883763673136415
0.983,-0.0024608379322382246,-0.0013772731114487027
0.9835,-0.002442571861672252,-0.0013661666694286811
0.984,-0.002424272381600423,-0.0013550570116256724
0.9845,-0.0024059394729729344,-0.0013439441084001705
0.985,-0.0023875731167542075,-0.0013328279301019555
0.9855,-0.0023691732939237903,-0.0013217084470718704
0.986,-0.0023507399854755112,-0.001310585629638969
0.9865,-0.002332273172417229,-0.0012994594481238048
0.987,-0.002313772835770167,-0.0012883298728338585
0.9875,-0.002295238956572243,-0.001277196874068763
0.988,-0.002276671515873477,-0.0012660604221157931
0.9885,-0.0022580704947392366,-0.001254920487253862
0.989,-0.0022394358742504894,-0.0012437770397493511
0.9895,-0.0022207676354996514,-0.0012326300498595386
0.99,-0.0022020657595956394,-0.0012214794878305166
0.9905,-0.0021833302276605543,-0.0012103253239000439
0.991,-0.002164561020832151,-0.0011991675282921263
0.9915,-0.002145758120261937,-0.0011880060712224014
0.992,-0.0021269215071139796,-0.001176840922897153
0.9925,-0.0021080511625695963,-0.0011656720535101125
0.993,-0.002089147067821498,-0.0011544994332456024
0.9935,-0.0020702092040798398,-0.0011433230322762666
0.994,-0.0020512375525658516,-0.0011321428207670195
0.9945,-0.0020322320945168615,-0.0011209587688708403
0.995,-0.0020131928111841307,-0.0011097708467296893
0.9955,-0.0019941196838334646,-0.0010985790244747648
0.996,-0.0019750126937440327,-0.001087383272229965
0.9964999999999999,-0.001955871822210284,-0.0010761835601054634
0.997,-0.0019366970505397957,-0.0010649798582027942
0.9974999999999999,-0.001917488360054731,-0.001053772136612001
0.998,-0.0018982457320935175,-0.0010425603654119209
0.9984999999999999,-0.0018789691480052967,-0.0010313445146746744
0.999,-0.0018596585891555023,-0.0010201245544583237
