0.1,0.394358628472103,-0.2754368246183133
0.101,0.39502887964664285,-0.27543439916621815
0.10200000000000001,0.3956992563948749,-0.2754312120860719
0.10300000000000001,0.3963697582193032,-0.2754272639009374
0.10400000000000001,0.39704038462292984,-0.2754225551318701
0.10500000000000001,0.39771113510925676,-0.27541708629793327
0.10600000000000001,0.398382009182288,-0.27541085791620457
0.10700000000000001,0.3990530063465335,-0.2754038705017868
0.10800000000000001,0.39972412610700936,-0.27539612456782037
0.10900000000000001,0.40039536796924,-0.275387620625491
0.11,0.40106673143925997,-0.2753783591840414
0.111,0.40173821602361837,-0.2753683407507819
0.112,0.4024098212293753,-0.27535756583109705
0.113,0.4030815465641094,-0.2753460349284601
0.114,0.403753391535916,-0.27533374854444065
0.115,0.40442535565340926,-0.2753207071787136
0.116,0.4050974384257249,-0.27530691132907104
0.117,0.40576963936252114,-0.2752923614914306
0.11800000000000001,0.4064419579739794,-0.2752770581598461
0.11900000000000001,0.40711439377080655,-0.27526100182651553
0.12000000000000001,0.40778694626423667,-0.2752441929817932
0.12100000000000001,0.40845961496603145,-0.27522663211419723
0.122,0.40913239938848184,-0.275208319710418
0.123,0.40980529904441,-0.27518925625533225
0.124,0.4104783134471698,-0.2751694422320069
0.125,0.411151442110646,-0.2751488781217114
0.126,0.41182468454926113,-0.275127564403927
0.127,0.4124980402779696,-0.2751055015563541
0.128,0.413171508812263,-0.27508269005492375
0.129,0.4138450896681706,-0.27505913037380464
0.13,0.41451878236226003,-0.2750348229854133
0.131,0.41519258641163564,-0.27500976836042307
0.132,0.41586650133394426,-0.2749839669677729
0.133,0.4165405266473717,-0.2749574192746748
0.134,0.41721466187064643,-0.2749301257466253
0.135,0.41788890652303773,-0.2749020868474127
0.136,0.41856326012435796,-0.2748733030391247
0.137,0.41923772219496447,-0.27484377478215943
0.138,0.41991229225575744,-0.2748135025352317
0.139,0.420586969828182,-0.2747824867553842
0.14,0.4212617544342291,-0.2747507278979926
0.14100000000000001,0.42193664559643523,-0.2747182264167778
0.14200000000000002,0.422611642837883,-0.2746849827638103
0.14300000000000002,0.42328674568220315,-0.27465099738952237
0.14400000000000002,0.4239619536535708,-0.2746162707427135
0.14500000000000002,0.42463726627671233,-0.2745808032705606
0.14600000000000002,0.4253126830769,-0.2745445954186248
0.14700000000000002,0.42598820357995487,-0.27450764763085944
0.14800000000000002,0.4266638273122463,-0.2744699603496199
0.14900000000000002,0.4273395538006934,-0.2744315340156698
0.15000000000000002,0.42801538257276395,-0.2743923690681905
0.15100000000000002,0.4286913131564752,-0.2743524659447867
0.15200000000000002,0.42936734508039404,-0.27431182508149793
0.153,0.43004347787363684,-0.2742704469128025
0.154,0.4307197110658704,-0.27422833187162876
0.155,0.43139604418731176,-0.2741854803893596
0.156,0.4320724767687267,-0.2741418928958424
0.157,0.4327490083414317,-0.27409756981939715
0.158,0.4334256384372947,-0.27405251158682087
0.159,0.434102366588732,-0.2740067186233994
0.16,0.43477919232871076,-0.27396019135291055
0.161,0.43545611519074934,-0.2739129301976354
0.162,0.43613313470891346,-0.2738649355783634
0.163,0.43681025041782134,-0.27381620791440087
0.164,0.4374874618526397,-0.2737667476235767
0.165,0.43816476854908554,-0.27371655512225224
0.166,0.4388421700434248,-0.2736656308253262
0.167,0.43951966587247326,-0.2736139751462428
0.168,0.4401972555735958,-0.273561588496999
0.169,0.4408749386847051,-0.2735084712881516
0.17,0.44155271474426505,-0.2734546239288237
0.171,0.4422305832912855,-0.2734000468267124
0.17200000000000001,0.442908543865325,-0.27334474038809475
0.173,0.4435865960064903,-0.2732887050178373
0.174,0.4442647392554358,-0.27323194111939936
0.175,0.44494297315336295,-0.2731744490948419
0.176,0.44562129724201915,-0.2731162293448347
0.177,0.4462997110636994,-0.2730572822686619
0.178,0.4469782141612438,-0.2729976082642294
0.179,0.44765680607803865,-0.27293720772807123
0.18,0.4483354863580148,-0.2728760810553563
0.181,0.4490142545456488,-0.27281422863989535
0.182,0.44969311018596064,-0.2727516508741479
0.183,0.4503720528245138,-0.2726883481492264
0.184,0.45105108200741645,-0.2726243208549049
0.185,0.4517301972813178,-0.2725595693796255
0.186,0.45240939819341025,-0.2724940941105036
0.187,0.4530886842914288,-0.2724278954333358
0.188,0.45376805512364715,-0.27236097373260343
0.189,0.45444751023888136,-0.27229332939148193
0.19,0.45512704918648794,-0.27222496279184527
0.191,0.4558066715163614,-0.27215587431427296
0.192,0.4564863767789357,-0.27208606433805604
0.193,0.4571661645251828,-0.27201553324120215
0.194,0.4578460343066121,-0.27194428140044324
0.195,0.45852598567527053,-0.2718723091912409
0.196,0.4592060181837403,-0.2717996169877914
0.197,0.4598861313851394,-0.2717262051630338
0.198,0.4605663248331219,-0.2716520740886545
0.199,0.4612465980818738,-0.27157722413509217
0.2,0.4619269506861163,-0.2715016556715464
0.201,0.4626073822011023,-0.27142536906597997
0.202,0.46328789218261757,-0.27134836468512913
0.203,0.4639684801869782,-0.2712706428945039
0.20400000000000001,0.46464914577103184,-0.27119220405839845
0.20500000000000002,0.46532988849215473,-0.2711130485398943
0.20600000000000002,0.46601070790825316,-0.2710331767008676
0.20700000000000002,0.4666916035777601,-0.27095258890199236
0.20800000000000002,0.46737257505963714,-0.2708712855027482
0.20900000000000002,0.46805362191337246,-0.2707892668614253
0.21000000000000002,0.46873474369897955,-0.27070653333512956
0.21100000000000002,0.4694159399769965,-0.2706230852797885
0.21200000000000002,0.470097210308486,-0.27053892305015576
0.21300000000000002,0.47077855425503434,-0.27045404699981795
0.21400000000000002,0.4714599713787489,-0.27036845748119914
0.21500000000000002,0.4721414612422605,-0.2702821548455672
0.21600000000000003,0.472823023408719,-0.270195139443036
0.21700000000000003,0.473504657441795,-0.2701074116225751
0.21800000000000003,0.47418636290567795,-0.2700189717320123
0.21900000000000003,0.47486813936507444,-0.2699298201180393
0.22,0.47554998638520934,-0.2698399571262167
0.221,0.47623190353182376,-0.26974938310098034
0.222,0.4769138903711733,-0.2696580983856444
0.223,0.47759594647002823,-0.2695661033224088
0.224,0.4782780713956734,-0.26947339825236266
0.225,0.47896026471590464,-0.26937998351548903
0.226,0.47964252599903,-0.2692858594506715
0.227,0.48032485481386933,-0.2691910263956984
0.228,0.4810072507297505,-0.2690954846872673
0.229,0.48168971331651067,-0.2689992346609898
0.23,0.48237224214449564,-0.2689022766513976
0.231,0.48305483678455763,-0.2688046109919463
0.232,0.4837374968080539,-0.2687062380150203
0.233,0.48442022178684785,-0.26860715805193897
0.234,0.4851030112933061,-0.2685073714329586
0.23500000000000001,0.48578586490029885,-0.26840687848727995
0.23600000000000002,0.48646878218119743,-0.2683056795430514
0.23700000000000002,0.48715176270987404,-0.2682037749273741
0.23800000000000002,0.4878348060607021,-0.26810116496630726
0.23900000000000002,0.48851791180855264,-0.26799784998487
0.24000000000000002,0.48920107952879516,-0.2678938303070505
0.24100000000000002,0.4898843087972964,-0.26778910625580726
0.24200000000000002,0.4905675991904174,-0.26768367815307376
0.24300000000000002,0.4912509502850165,-0.267577546319764
0.24400000000000002,0.4919343616584442,-0.267470711075777
0.245,0.4926178328885443,-0.26736317274000115
0.246,0.49330136355365173,-0.2672549316303176
0.247,0.4939849532325932,-0.2671459880636067
0.248,0.4946686015046845,-0.2670363423557494
0.249,0.4953523079497299,-0.2669259948216352
0.25,0.49603607214802187,-0.2668149457751638
0.251,0.49671989368033825,-0.26670319552925065
0.252,0.497403772127944,-0.2665907443958293
0.253,0.49808770707258687,-0.26647759268585997
0.254,0.4987716980964989,-0.26636374070932883
0.255,0.49945574478239374,-0.2662491887752556
0.256,0.5001398467134667,-0.2661339371916955
0.257,0.5008240034733944,-0.2660179862657451
0.258,0.5015082146463299,-0.2659013363035458
0.259,0.5021924798169062,-0.2657839876102874
0.26,0.5028767985702319,-0.26566594049021314
0.261,0.5035611704918928,-0.26554719524662335
0.262,0.5042455951679489,-0.2654277521818795
0.263,0.5049300721849327,-0.26530761159740734
0.264,0.5056146011298516,-0.26518677379370303
0.265,0.5062991815901818,-0.2650652390703348
0.266,0.5069838131538719,-0.264943007725948
0.267,0.5076684954093394,-0.2648200800582696
0.268,0.5083532279454691,-0.26469645636411043
0.269,0.5090380103516133,-0.26457213693937104
0.27,0.509722842217591,-0.2644471220790431
0.271,0.5104077231336851,-0.26432141207721627
0.272,0.5110926526906426,-0.2641950072270792
0.273,0.5117776304796738,-0.26406790782092526
0.274,0.5124626560924493,-0.2639401141501551
0.275,0.5131477291211012,-0.2638116265052808
0.276,0.513832849158221,-0.26368244517593
0.277,0.5145180157968576,-0.2635525704508492
0.278,0.5152032286305178,-0.26342200261790705
0.279,0.5158884872531644,-0.263290741964099
0.28,0.5165737912592141,-0.2631587887755502
0.281,0.5172591402435394,-0.26302614333751867
0.28200000000000003,0.5179445338014633,-0.2628928059344008
0.28300000000000003,0.518629971528762,-0.2627587768497322
0.28400000000000003,0.5193154530216609,-0.2626240563661937
0.28500000000000003,0.5200009778768353,-0.26248864476561345
0.28600000000000003,0.5206865456914102,-0.2623525423289712
0.28700000000000003,0.5213721560629545,-0.2622157493364008
0.28800000000000003,0.5220578085894858,-0.2620782660671951
0.28900000000000003,0.5227435028694662,-0.2619400927998081
0.29000000000000004,0.5234292385018003,-0.2618012298118593
0.29100000000000004,0.5241150150858362,-0.2616616773801367
0.29200000000000004,0.5248008322213638,-0.2615214357805998
0.29300000000000004,0.5254866895086127,-0.26138050528838364
0.29400000000000004,0.526172586548252,-0.2612388861778024
0.29500000000000004,0.5268585229413894,-0.2610965787223516
0.29600000000000004,0.5275444982895693,-0.2609535831947123
0.29700000000000004,0.5282305121947728,-0.2608098998667546
0.29800000000000004,0.5289165642594139,-0.26066552900954
0.29900000000000004,0.5296026540863418,-0.2605204708933257
0.30000000000000004,0.5302887812788384,-0.2603747257875668
0.30100000000000005,0.5309749454406161,-0.26022829396092023
0.30200000000000005,0.5316611461758183,-0.26008117568124817
0.30300000000000005,0.5323473830890184,-0.2599333712156204
0.30400000000000005,0.5330336557852156,-0.2597848808303186
0.30500000000000005,0.5337199638698384,-0.2596357047908376
0.30600000000000005,0.5344063069487403,-0.25948584336189146
0.30700000000000005,0.5350926846281985,-0.25933529680741313
0.30800000000000005,0.5357790965149165,-0.2591840653905612
0.309,0.5364655422160173,-0.25903214937371977
0.31,0.5371520213390474,-0.25887954901850335
0.311,0.5378385334919722,-0.2587262645857593
0.312,0.5385250782831775,-0.2585722963355714
0.313,0.5392116553214663,-0.2584176445272621
0.314,0.5398982642160596,-0.2582623094193963
0.315,0.5405849045765926,-0.25810629126978335
0.316,0.5412715760131172,-0.2579495903354815
0.317,0.5419582781360965,-0.2577922068727988
0.318,0.5426450105564087,-0.2576341411372985
0.319,0.5433317728853414,-0.25747539338380043
0.32,0.5440185647345942,-0.257315963866383
0.321,0.5447053857162744,-0.2571558528383889
0.322,0.5453922354428977,-0.25699506055242505
0.323,0.5460791135273871,-0.2568335872603677
0.324,0.5467660195830722,-0.2566714332133642
0.325,0.5474529532236858,-0.25650859866183545
0.326,0.5481399140633652,-0.25634508385547944
0.327,0.5488269017166505,-0.25618088904327424
0.328,0.5495139157984832,-0.2560160144734799
0.329,0.5502009559242045,-0.25585046039364184
0.33,0.5508880217095553,-0.25568422705059396
0.331,0.5515751127706754,-0.25551731469046035
0.332,0.5522622287241001,-0.2553497235586585
0.333,0.5529493691867624,-0.2551814538999027
0.334,0.5536365337759894,-0.25501250595820524
0.335,0.5543237221095014,-0.25484287997688104
0.336,0.555010933805412,-0.2546725761985483
0.337,0.555698168482227,-0.25450159486513246
0.338,0.556385425758842,-0.2543299362178686
0.339,0.5570727052545414,-0.25415760049730346
0.33999999999999997,0.557760006589,-0.25398458794329964
0.34099999999999997,0.5584473293822785,-0.253810898795036
0.34199999999999997,0.5591346732548232,-0.2536365332910114
0.34299999999999997,0.559822037827467,-0.2534614916690482
0.344,0.5605094227214256,-0.2532857741662925
0.345,0.5611968275582984,-0.2531093810192191
0.346,0.5618842519600672,-0.25293231246363224
0.347,0.5625716955490928,-0.2527545687346697
0.348,0.5632591579481179,-0.2525761500668031
0.349,0.5639466387802615,-0.252397056693843
0.35,0.564634137669023,-0.2522172888489391
0.351,0.5653216542382761,-0.25203684676458454
0.352,0.5660091881122706,-0.25185573067261696
0.353,0.5666967389156317,-0.25167394080422134
0.354,0.5673843062733556,-0.2514914773899338
0.355,0.5680718898108132,-0.25130834065964086
0.356,0.568759489153746,-0.2511245308425856
0.357,0.5694471039282638,-0.25094004816736687
0.358,0.5701347337608492,-0.25075489286194397
0.359,0.5708223782783487,-0.25056906515363736
0.36,0.5715100371079784,-0.25038256526913244
0.361,0.5721977098773201,-0.25019539343448033
0.362,0.5728853962143199,-0.25000754987510193
0.363,0.5735730957472872,-0.2498190348157882
0.364,0.5742608081048953,-0.24962984848070488
0.365,0.5749485329161793,-0.2494399910933928
0.366,0.5756362698105342,-0.24924946287677074
0.367,0.5763240184177147,-0.2490582640531383
0.368,0.577011778367835,-0.24886639484417733
0.369,0.5776995492913659,-0.24867385547095477
0.37,0.5783873308191358,-0.24848064615392437
0.371,0.579075122582327,-0.24828676711292955
0.372,0.5797629242124775,-0.2480922185672047
0.373,0.5804507353414786,-0.24789700073537857
0.374,0.5811385556015748,-0.24770111383547552
0.375,0.5818263846253601,-0.2475045580849178
0.376,0.5825142220457804,-0.24730733370052826
0.377,0.5832020674961296,-0.24710944089853207
0.378,0.5838899206100524,-0.24691087989455862
0.379,0.5845777810215377,-0.24671165090364444
0.38,0.5852656483649235,-0.24651175414023474
0.381,0.5859535222748905,-0.24631118981818567
0.382,0.5866414023864657,-0.2461099581507661
0.383,0.587329288335018,-0.24590805935066054
0.384,0.5880171797562599,-0.24570549362997043
0.385,0.588705076286244,-0.2455022612002162
0.386,0.589392977561363,-0.24529836227234034
0.387,0.59008088321835,-0.2450937970567078
0.388,0.5907687928942756,-0.24488856576311008
0.389,0.591456706226547,-0.24468266860076485
0.39,0.592144622852909,-0.2444761057783202
0.391,0.592832542411441,-0.24426887750385562
0.392,0.5935204645405556,-0.24406098398488366
0.393,0.5942083888790004,-0.24385242542835264
0.394,0.5948963150658547,-0.24364320204064815
0.395,0.5955842427405277,-0.2434333140275955
0.396,0.5962721715427611,-0.24322276159446113
0.397,0.5969601011126241,-0.2430115449459549
0.398,0.5976480310905148,-0.24279966428623187
0.399,0.59833596111716,-0.24258711981889458
0.4,0.5990238908336102,-0.2423739117469944
0.401,0.599711819881243,-0.24216004027303384
0.402,0.60039974790176,-0.24194550559896855
0.403,0.6010876745371864,-0.24173030792620886
0.404,0.6017755994298706,-0.24151444745562176
0.405,0.6024635222224811,-0.24129792438753297
0.406,0.6031514425580068,-0.24108073892172854
0.40700000000000003,0.6038393600797575,-0.2408628912574571
0.40800000000000003,0.6045272744313609,-0.24064438159343152
0.40900000000000003,0.605215185256763,-0.24042521012783
0.41000000000000003,0.605903092200225,-0.24020537705829953
0.41100000000000003,0.6065909949063251,-0.23998488258195633
0.41200000000000003,0.6072788930199557,-0.23976372689538797
0.41300000000000003,0.6079667861863235,-0.23954191019465534
0.41400000000000003,0.6086546740509476,-0.23931943267529499
0.41500000000000004,0.60934255625966,-0.2390962945323195
0.41600000000000004,0.6100304324586026,-0.2388724959602207
0.41700000000000004,0.6107183022942269,-0.2386480371529708
0.41800000000000004,0.6114061654132951,-0.23842291830402398
0.41900000000000004,0.6120940214628761,-0.23819713960631825
0.42000000000000004,0.6127818700903477,-0.2379707012522777
0.42100000000000004,0.613469710943392,-0.23774360343381368
0.42200000000000004,0.6141575436699976,-0.2375158463423267
0.42300000000000004,0.6148453679184585,-0.23728743016870807
0.42400000000000004,0.6155331833373691,-0.23705835510334172
0.42500000000000004,0.6162209895756299,-0.236828621336106
0.42600000000000005,0.61690878628244,-0.2365982290563749
0.42700000000000005,0.6175965731073024,-0.2363671784530205
0.42800000000000005,0.6182843497000168,-0.23613546971441401
0.42900000000000005,0.6189721157106843,-0.23590310302842776
0.43000000000000005,0.6196598707897012,-0.23567007858243672
0.43100000000000005,0.6203476145877643,-0.2354363965633202
0.43200000000000005,0.6210353467558641,-0.2352020571574634
0.43300000000000005,0.6217230669452862,-0.23496706055075944
0.43400000000000005,0.6224107748076122,-0.23473140692861053
0.43500000000000005,0.6230984699947162,-0.23449509647592967
0.43600000000000005,0.6237861521587645,-0.23425812937714255
0.43700000000000006,0.6244738209522152,-0.23402050581618902
0.43800000000000006,0.6251614760278177,-0.2337822259765244
0.43900000000000006,0.6258491170386105,-0.23354329004112145
0.44000000000000006,0.6265367436379204,-0.23330369819247226
0.44100000000000006,0.6272243554793652,-0.23306345061258854
0.44200000000000006,0.6279119522168459,-0.23282254748300504
0.44300000000000006,0.628599533504552,-0.23258098898477933
0.44400000000000006,0.629287098996958,-0.2323387752984946
0.44500000000000006,0.6299746483488231,-0.2320959066042606
0.44600000000000006,0.6306621812151899,-0.23185238308171557
0.44700000000000006,0.6313496972513829,-0.2316082049100274
0.44800000000000006,0.6320371961130095,-0.23136337226789527
0.44900000000000007,0.6327246774559583,-0.2311178853335515
0.45000000000000007,0.6334121409363965,-0.2308717442847625
0.45100000000000007,0.6340995862107713,-0.23062494929883084
0.45199999999999996,0.634787012935808,-0.23037750055259643
0.45299999999999996,0.635474420768511,-0.23012939822243764
0.45399999999999996,0.636161809366159,-0.22988064248427417
0.45499999999999996,0.6368491783863072,-0.2296312335135665
0.45599999999999996,0.6375365274867858,-0.2293811714853194
0.45699999999999996,0.6382238563256997,-0.22913045657408168
0.45799999999999996,0.6389111645614257,-0.22887908895394898
0.45899999999999996,0.6395984518526141,-0.22862706879856462
0.45999999999999996,0.6402857178581848,-0.22837439628112063
0.46099999999999997,0.6409729622373308,-0.22812107157436015
0.46199999999999997,0.6416601846495122,-0.2278670948505781
0.46299999999999997,0.6423473847544605,-0.227612466281623
0.46399999999999997,0.6430345622121735,-0.2273571860388983
0.46499999999999997,0.6437217166829164,-0.22710125429336375
0.46599999999999997,0.6444088478272214,-0.2268446712155368
0.46699999999999997,0.6450959553058861,-0.2265874369754939
0.46799999999999997,0.6457830387799723,-0.2263295517428723
0.469,0.646470097910806,-0.22607101568687119
0.47,0.6471571323599757,-0.22581182897625268
0.471,0.6478441417893326,-0.22555199177934407
0.472,0.6485311258609894,-0.2252915042640382
0.473,0.6492180842373182,-0.22503036659779574
0.474,0.6499050165809529,-0.22476857894764607
0.475,0.6505919225547839,-0.22450614148018835
0.476,0.6512788018219605,-0.2242430543615941
0.477,0.6519656540458897,-0.2239793177576066
0.478,0.6526524788902339,-0.22371493183354377
0.479,0.6533392760189131,-0.22344989675429944
0.48,0.6540260450960996,-0.22318421268434352
0.481,0.6547127857862214,-0.22291787978772448
0.482,0.6553994977539586,-0.22265089822807033
0.483,0.6560861806642435,-0.2223832681685895
0.484,0.656772834182261,-0.22211498977207275
0.485,0.6574594579734465,-0.22184606320089403
0.486,0.6581460517034845,-0.221576488617012
0.487,0.6588326150383084,-0.22130626618197138
0.488,0.6595191476441019,-0.22103539605690387
0.489,0.6602056491872941,-0.22076387840252987
0.49,0.6608921193345614,-0.2204917133791593
0.491,0.6615785577528268,-0.22021890114669318
0.492,0.662264964109258,-0.21994544186462495
0.493,0.6629513380712667,-0.21967133569204142
0.494,0.6636376793065087,-0.21939658278762417
0.495,0.6643239874828822,-0.21912118330965089
0.496,0.665010262268528,-0.2188451374159962
0.497,0.6656965033318268,-0.2185684452641335
0.498,0.6663827103414016,-0.21829110701113602
0.499,0.667068882966114,-0.21801312281367738
0.5,0.6677550208750632,-0.21773449282803392
0.501,0.6684411237375891,-0.21745521721008482
0.502,0.6691271912232674,-0.21717529611531408
0.503,0.6698132230019103,-0.21689472969881127
0.504,0.6704992187435659,-0.216613518115273
0.505,0.6711851781185187,-0.21633166151900396
0.506,0.6718711007972851,-0.21604916006391836
0.507,0.6725569864506167,-0.21576601390354047
0.508,0.673242834749497,-0.2154822231910065
0.509,0.6739286453651422,-0.21519778807906526
0.51,0.6746144179689988,-0.21491270872008
0.511,0.6753001522327451,-0.2146269852660285
0.512,0.6759858478282869,-0.2143406178685052
0.513,0.6766715044277624,-0.2140536066787219
0.514,0.6773571217035341,-0.2137659518475092
0.515,0.6780426993281942,-0.21347765352531703
0.516,0.6787282369745627,-0.21318871186221638
0.517,0.679413734315682,-0.21289912700790012
0.518,0.6800991910248235,-0.2126088991116846
0.519,0.6807846067754805,-0.21231802832250973
0.52,0.6814699812413714,-0.21202651478894155
0.521,0.6821553140964367,-0.21173435865917192
0.522,0.6828406050148408,-0.2114415600810206
0.523,0.6835258536709676,-0.2111481192019358
0.524,0.6842110597394229,-0.2108540361689957
0.525,0.6848962228950322,-0.21055931112890927
0.526,0.685581342812841,-0.21026394422801736
0.527,0.6862664191681128,-0.20996793561229365
0.528,0.6869514516363291,-0.20967128542734637
0.529,0.6876364398931892,-0.20937399381841862
0.53,0.6883213836146085,-0.2090760609303897
0.531,0.6890062824767169,-0.20877748690777637
0.532,0.6896911361558618,-0.20847827189473364
0.533,0.690375944328602,-0.20817841603505624
0.534,0.6910607066717135,-0.2078779194721789
0.535,0.691745422862181,-0.20757678234917795
0.536,0.692430092577205,-0.2072750048087727
0.537,0.6931147154941953,-0.20697258699332585
0.538,0.6937992912907736,-0.20666952904484462
0.539,0.6944838196447708,-0.2063658311049817
0.54,0.6951683002342279,-0.20606149331503706
0.541,0.6958527327373939,-0.20575651581595805
0.542,0.6965371168327265,-0.20545089874834047
0.543,0.6972214521988892,-0.20514464225243068
0.544,0.6979057385147548,-0.20483774646812486
0.545,0.6985899754593986,-0.20453021153497145
0.546,0.6992741627121035,-0.2042220375921717
0.547,0.6999582999523565,-0.20391322477858045
0.548,0.7006423868598473,-0.2036037732327073
0.549,0.7013264231144691,-0.2032936830927179
0.55,0.702010408396319,-0.20298295449643397
0.551,0.7026943423856937,-0.2026715875813357
0.552,0.703378224763092,-0.20235958248456135
0.553,0.7040620552092135,-0.20204693934290935
0.554,0.7047458334049563,-0.2017336582928383
0.555,0.7054295590314189,-0.20141973947046876
0.556,0.7061132317698969,-0.20110518301158367
0.557,0.7067968513018843,-0.20078998905162948
0.558,0.707480417309072,-0.2004741577257172
0.559,0.7081639294733465,-0.20015768916862317
0.56,0.7088473874767914,-0.19984058351479014
0.561,0.7095307910016837,-0.1995228408983283
0.562,0.710214139730496,-0.19920446145301582
0.5630000000000001,0.7108974333458933,-0.19888544531230018
0.5640000000000001,0.711580671530735,-0.1985657926092992
0.5650000000000001,0.7122638539680721,-0.19824550347680128
0.5660000000000001,0.7129469803411468,-0.19792457804726718
0.5670000000000001,0.7136300503333939,-0.19760301645283035
0.5680000000000001,0.7143130636284364,-0.1972808188252983
0.5690000000000001,0.7149960199100883,-0.19695798529615274
0.5700000000000001,0.7156789188623521,-0.19663451599655182
0.5710000000000001,0.7163617601694203,-0.1963104110573292
0.5720000000000001,0.7170445435156703,-0.19598567060899696
0.5730000000000001,0.7177272685856694,-0.19566029478174493
0.5740000000000001,0.7184099350641696,-0.19533428370544237
0.5750000000000001,0.7190925426361096,-0.19500763750963848
0.5760000000000001,0.7197750909866125,-0.1946803563235637
0.5770000000000001,0.720457579800986,-0.19435244027613047
0.5780000000000001,0.7211400087647232,-0.19402388949593352
0.5790000000000001,0.7218223775634983,-0.19369470411125173
0.58,0.7225046858831693,-0.19336488425004833
0.581,0.7231869334097762,-0.19303443003997198
0.582,0.7238691198295395,-0.19270334160835748
0.583,0.7245512448288621,-0.19237161908222689
0.584,0.725233308094325,-0.1920392625882904
0.585,0.7259153093126898,-0.19170627225294684
0.586,0.7265972481708961,-0.19137264820228458
0.587,0.7272791243560632,-0.19103839056208327
0.588,0.7279609375554864,-0.19070349945781329
0.589,0.7286426874566388,-0.19036797501463745
0.59,0.7293243737471696,-0.19003181735741176
0.591,0.7300059961149034,-0.18969502661068616
0.592,0.7306875542478404,-0.18935760289870515
0.593,0.7313690478341554,-0.1890195463454091
0.594,0.7320504765621957,-0.18868085707443477
0.595,0.7327318401204836,-0.18834153520911598
0.596,0.7334131381977135,-0.18800158087248495
0.597,0.7340943704827505,-0.18766099418727253
0.598,0.7347755366646332,-0.18731977527590937
0.599,0.73545663643257,-0.18697792426052667
0.6,0.7361376694759384,-0.18663544126295714
0.601,0.7368186354842876,-0.18629232640473523
0.602,0.7374995341473346,-0.18594857980709864
0.603,0.7381803651549644,-0.18560420159098892
0.604,0.7388611281972308,-0.18525919187705184
0.605,0.7395418229643542,-0.1849135507856387
0.606,0.7402224491467215,-0.18456727843680712
0.607,0.7409030064348857,-0.18422037495032131
0.608,0.7415834945195655,-0.18387284044565338
0.609,0.7422639130916439,-0.18352467504198383
0.61,0.7429442618421689,-0.18317587885820263
0.611,0.7436245404623508,-0.18282645201290976
0.612,0.7443047486435637,-0.18247639462441567
0.613,0.7449848860773445,-0.182125706810743
0.614,0.7456649524553919,-0.18177438868962625
0.615,0.7463449474695649,-0.1814224403785135
0.616,0.747024870811884,-0.1810698619945662
0.617,0.7477047221745295,-0.18071665365466097
0.618,0.7483845012498417,-0.18036281547538968
0.619,0.7490642077303191,-0.18000834757306014
0.62,0.7497438413086195,-0.1796532500636973
0.621,0.7504234016775575,-0.17929752306304386
0.622,0.7511028885301055,-0.17894116668656065
0.623,0.7517823015593921,-0.1785841810494282
0.624,0.7524616404587026,-0.17822656626654615
0.625,0.7531409049214772,-0.1778683224525354
0.626,0.7538200946413114,-0.17750944972173802
0.627,0.7544992093119549,-0.17714994818821825
0.628,0.7551782486273114,-0.176789817965763
0.629,0.7558572122814375,-0.17642905916788307
0.63,0.7565360999685424,-0.1760676719078131
0.631,0.7572149113829878,-0.17570565629851329
0.632,0.7578936462192866,-0.1753430124526691
0.633,0.7585723041721026,-0.17497974048269244
0.634,0.7592508849362508,-0.17461584050072296
0.635,0.7599293882066952,-0.1742513126186274
0.636,0.7606078136785489,-0.1738861569480017
0.637,0.7612861610470752,-0.17352037360017067
0.638,0.7619644300076842,-0.1731539626861896
0.639,0.7626426202559333,-0.17278692431684384
0.64,0.7633207314875292,-0.1724192586026506
0.641,0.7639987633983222,-0.17205096565385908
0.642,0.7646767156843114,-0.1716820455804512
0.643,0.7653545880416392,-0.17131249849214233
0.644,0.7660323801665943,-0.17094232449838212
0.645,0.7667100917556082,-0.1705715237083549
0.646,0.7673877225052587,-0.1702000962309809
0.647,0.768065272112264,-0.1698280421749161
0.648,0.7687427402734871,-0.16945536164855368
0.649,0.7694201266859324,-0.1690820547600241
0.65,0.7700974310467462,-0.16870812161719656
0.651,0.7707746530532154,-0.16833356232767868
0.652,0.7714517924027682,-0.16795837699881797
0.653,0.772128848792972,-0.16758256573770205
0.654,0.7728058219215348,-0.16720612865115947
0.655,0.773482711486303,-0.16682906584576038
0.656,0.7741595171852603,-0.16645137742781732
0.657,0.7748362387165314,-0.16607306350338533
0.658,0.7755128757783749,-0.1656941241782636
0.659,0.7761894280691886,-0.16531455955799496
0.66,0.7768658952875059,-0.16493436974786743
0.661,0.7775422771319952,-0.16455355485291437
0.662,0.7782185733014617,-0.16417211497791545
0.663,0.7788947834948446,-0.163790050227397
0.664,0.7795709074112175,-0.16340736070563286
0.665,0.7802469447497877,-0.16302404651664487
0.666,0.7809228952098949,-0.16264010776420376
0.667,0.781598758491013,-0.16225554455182936
0.668,0.7822745342927473,-0.16187035698279176
0.669,0.7829502223148348,-0.16148454516011146
0.67,0.7836258222571432,-0.16109810918656017
0.671,0.7843013338196722,-0.1607110491646617
0.672,0.78497675670255,-0.16032336519669207
0.673,0.7856520906060354,-0.15993505738468072
0.674,0.7863273352305162,-0.1595461258304106
0.675,0.7870024902765084,-0.1591565706354191
0.676,0.787677555444657,-0.15876639190099842
0.6769999999999999,0.7883525304357335,-0.1583755897281967
0.6779999999999999,0.789027414950637,-0.15798416421781794
0.6789999999999999,0.789702208690393,-0.1575921154704229
0.6799999999999999,0.7903769113561542,-0.15719944358633015
0.6809999999999999,0.791051522649197,-0.1568061486656159
0.6819999999999999,0.791726042270924,-0.1564122308081151
0.6829999999999999,0.7924004699228628,-0.1560176901134219
0.6839999999999999,0.7930748053066636,-0.15562252668089036
0.6849999999999999,0.793749048124102,-0.1552267406096347
0.6859999999999999,0.7944231980770754,-0.1548303319985306
0.6869999999999999,0.7950972548676041,-0.15443330094621485
0.688,0.7957712181978314,-0.15403564755108679
0.689,0.7964450877700203,-0.1536373719113083
0.69,0.7971188632865569,-0.15323847412480465
0.691,0.7977925444499468,-0.15283895428926533
0.692,0.7984661309628166,-0.15243881250214394
0.693,0.7991396225279116,-0.1520380488606597
0.694,0.7998130188480967,-0.15163666346179716
0.695,0.8004863196263563,-0.1512346564023071
0.696,0.8011595245657918,-0.15083202777870736
0.697,0.8018326333696227,-0.15042877768728308
0.698,0.8025056457411858,-0.15002490622408757
0.699,0.8031785613839356,-0.14962041348494237
0.7,0.8038513800014413,-0.1492152995654384
0.701,0.8045241012973888,-0.14880956456093625
0.702,0.8051967249755794,-0.14840320856656666
0.703,0.8058692507399284,-0.14799623167723133
0.704,0.806541678294467,-0.1475886339876032
0.705,0.8072140073433395,-0.14718041559212727
0.706,0.8078862375908032,-0.14677157658502077
0.707,0.8085583687412288,-0.1463621170602744
0.708,0.8092304004990998,-0.14595203711165222
0.709,0.8099023325690111,-0.14554133683269221
0.71,0.8105741646556701,-0.14513001631670755
0.711,0.8112458964638938,-0.14471807565678624
0.712,0.8119175276986115,-0.14430551494579225
0.713,0.8125890580648617,-0.14389233427636605
0.714,0.8132604872677927,-0.1434785337409245
0.715,0.8139318150126619,-0.14306411343166234
0.716,0.8146030410048362,-0.14264907344055203
0.717,0.8152741649497901,-0.14223341385934463
0.718,0.8159451865531062,-0.14181713477957014
0.719,0.8166161055204746,-0.14140023629253817
0.72,0.817286921557692,-0.14098271848933847
0.721,0.8179576343706618,-0.14056458146084114
0.722,0.8186282436653936,-0.1401458252976977
0.723,0.8192987491480023,-0.13972645009034132
0.724,0.8199691505247081,-0.1393064559289874
0.725,0.8206394475018358,-0.13888584290363368
0.726,0.8213096397858143,-0.13846461110406147
0.727,0.8219797270831763,-0.1380427606198361
0.728,0.8226497091005581,-0.13762029154030647
0.729,0.8233195855446985,-0.13719720395460688
0.73,0.8239893561224385,-0.13677349795165647
0.731,0.824659020540722,-0.13634917362016072
0.732,0.8253285785065937,-0.13592423104861087
0.733,0.825998029727199,-0.1354986703252855
0.734,0.826667373909785,-0.13507249153825018
0.735,0.8273366107616982,-0.13464569477535845
0.736,0.8280057399903853,-0.13421828012425224
0.737,0.828674761303392,-0.13379024767236244
0.738,0.8293436744083628,-0.13336159750690885
0.739,0.8300124790130403,-0.13293232971490168
0.74,0.8306811748252667,-0.1325024443831412
0.741,0.8313497615529797,-0.1320719415982186
0.742,0.8320182389042159,-0.1316408214465163
0.743,0.8326866065871069,-0.1312090840142087
0.744,0.8333548643098821,-0.1307767293872626
0.745,0.8340230117808649,-0.13034375765143724
0.746,0.8346910487084762,-0.12991016889228565
0.747,0.8353589748012309,-0.12947596319515434
0.748,0.8360267897677374,-0.1290411406451842
0.749,0.8366944933166995,-0.1286057013273109
0.75,0.8373620851569151,-0.1281696453262654
0.751,0.8380295649972732,-0.12773297272657444
0.752,0.838696932546758,-0.12729568361256044
0.753,0.8393641875144441,-0.12685777806834322
0.754,0.8400313296094996,-0.1264192561778394
0.755,0.8406983585411835,-0.12598011802476333
0.756,0.8413652740188453,-0.12554036369262736
0.757,0.8420320757519264,-0.12509999326474255
0.758,0.8426987634499575,-0.12465900682421899
0.759,0.8433653368225599,-0.12421740445396613
0.76,0.8440317955794436,-0.12377518623669365
0.761,0.8446981394304078,-0.12333235225491146
0.762,0.8453643680853403,-0.12288890259093066
0.763,0.8460304812542183,-0.12244483732686336
0.764,0.8466964786471043,-0.12200015654462398
0.765,0.84736235997415,-0.12155486032592873
0.766,0.8480281249455934,-0.12110894875229694
0.767,0.8486937732717594,-0.12066242190505115
0.768,0.8493593046630582,-0.1202152798653173
0.769,0.850024718829987,-0.11976752271402577
0.77,0.8506900154831267,-0.11931915053191139
0.771,0.8513551943331442,-0.11887016339951406
0.772,0.8520202550907902,-0.11842056139717903
0.773,0.8526851974669004,-0.11797034460505776
0.774,0.8533500211723927,-0.1175195131031078
0.775,0.8540147259182695,-0.11706806697109372
0.776,0.8546793114156161,-0.11661600628858722
0.777,0.8553437773755986,-0.11616333113496799
0.778,0.8560081235094668,-0.11571004158942354
0.779,0.8566723495285513,-0.11525613773095014
0.78,0.8573364551442652,-0.11480161963835311
0.781,0.8580004400680997,-0.11434648739024732
0.782,0.8586643040116291,-0.11389074106505744
0.783,0.8593280466865068,-0.11343438074101848
0.784,0.859991667804465,-0.11297740649617632
0.785,0.8606551670773168,-0.11251981840838797
0.786,0.8613185442169529,-0.11206161655532225
0.787,0.861981798935342,-0.11160280101445995
0.788,0.8626449309445325,-0.11114337186309423
0.789,0.8633079399566485,-0.11068332917833149
0.79,0.8639708256838934,-0.11022267303709125
0.791,0.8646335878385455,-0.1097614035161071
0.792,0.8652962261329605,-0.10929952069192643
0.793,0.8659587402795706,-0.10883702464091168
0.794,0.8666211299908827,-0.10837391543924006
0.795,0.86728339497948,-0.1079101931629044
0.796,0.8679455349580194,-0.1074458578877134
0.797,0.8686075496392334,-0.10698090968929214
0.798,0.8692694387359277,-0.10651534864308225
0.799,0.8699312019609828,-0.10604917482434274
0.8,0.8705928390273519,-0.10558238830814994
0.801,0.8712543496480603,-0.10511498916939846
0.802,0.8719157335362085,-0.10464697748280087
0.803,0.8725769904049663,-0.10417835332288909
0.8039999999999999,0.8732381199675765,-0.1037091167640139
0.8049999999999999,0.8738991219373539,-0.1032392678803455
0.8059999999999999,0.8745599960276833,-0.10276880674587462
0.8069999999999999,0.875220741952021,-0.10229773343441208
0.8079999999999999,0.8758813594238936,-0.10182604801958944
0.8089999999999999,0.8765418481568965,-0.10135375057485992
0.8099999999999999,0.8772022078646959,-0.10088084117349798
0.8109999999999999,0.8778624382610266,-0.10040731988860022
0.8119999999999999,0.8785225390596926,-0.0999331867930858
0.813,0.8791825099745654,-0.09945844195969662
0.814,0.8798423507195849,-0.09898308546099781
0.815,0.8805020610087597,-0.09850711736937819
0.816,0.8811616405561645,-0.09803053775705052
0.817,0.8818210890759411,-0.09755334669605202
0.818,0.8824804062822978,-0.09707554425824484
0.819,0.8831395918895097,-0.09659713051531608
0.82,0.8837986456119171,-0.09611810553877866
0.821,0.8844575671639258,-0.09563846939997138
0.822,0.8851163562600071,-0.09515822217005933
0.823,0.885775012614696,-0.0946773639200347
0.824,0.8864335359425928,-0.09419589472071646
0.825,0.8870919259583615,-0.09371381464275119
0.826,0.8877501823767294,-0.09323112375661347
0.827,0.8884083049124873,-0.09274782213260618
0.828,0.8890662932804888,-0.09226390984086093
0.829,0.8897241471956503,-0.09177938695133821
0.83,0.8903818663729496,-0.09129425353382803
0.831,0.8910394505274265,-0.09080850965795025
0.832,0.8916968993741828,-0.09032215539315493
0.833,0.892354212628381,-0.08983519080872275
0.834,0.8930113900052439,-0.08934761597376531
0.835,0.8936684312200555,-0.08885943095722527
0.836,0.8943253359881587,-0.08837063582787742
0.837,0.8949821040249563,-0.0878812306543284
0.838,0.8956387350459116,-0.08739121550501722
0.839,0.8962952287665452,-0.08690059044821581
0.84,0.8969515849024369,-0.08640935555202921
0.841,0.8976078031692242,-0.08591751088439617
0.842,0.8982638832826032,-0.08542505651308913
0.843,0.8989198249583277,-0.0849319925057149
0.844,0.8995756279122074,-0.08443831892971501
0.845,0.9002312918601093,-0.08394403585236586
0.846,0.9008868165179574,-0.08344914334077924
0.847,0.9015422016017315,-0.08295364146190286
0.848,0.9021974468274662,-0.08245753028252031
0.849,0.9028525519112527,-0.08196080986925165
0.85,0.9035075165692369,-0.0814634802885539
0.851,0.9041623405176189,-0.08096554160672112
0.852,0.9048170234726534,-0.08046699388988494
0.853,0.9054715651506492,-0.0799678372040148
0.854,0.9061259652679687,-0.0794680716149185
0.855,0.9067802235410274,-0.07896769718824237
0.856,0.9074343396862938,-0.07846671398947173
0.857,0.9080883134202888,-0.07796512208393104
0.858,0.9087421444595868,-0.07746292153678468
0.859,0.909395832520812,-0.0769601124130368
0.86,0.9100493773206418,-0.07645669477753182
0.861,0.9107027785758041,-0.07595266869495519
0.862,0.9113560360030781,-0.07544803422983314
0.863,0.9120091493192933,-0.07494279144653336
0.864,0.912662118241329,-0.0744369404092653
0.865,0.9133149424861152,-0.07393048118208045
0.866,0.9139676217706308,-0.07342341382887257
0.867,0.9146201558119044,-0.07291573841337864
0.868,0.9152725443270128,-0.0724074549991782
0.869,0.9159247870330814,-0.07189856364969459
0.87,0.9165768836472845,-0.07138906442819482
0.871,0.9172288338868435,-0.07087895739778996
0.872,0.9178806374690277,-0.07036824262143579
0.873,0.9185322941111537,-0.06985692016193244
0.874,0.9191838035305842,-0.0693449900819258
0.875,0.9198351654447285,-0.06883245244390658
0.876,0.9204863795710435,-0.06831930731021178
0.877,0.9211374456270301,-0.06780555474302416
0.878,0.921788363330236,-0.06729119480437333
0.879,0.9224391323982528,-0.06677622755613531
0.88,0.9230897525487186,-0.06626065306003379
0.881,0.9237402234993145,-0.06574447137763921
0.882,0.924390544967767,-0.06522768257037034
0.883,0.9250407166718453,-0.06471028669949393
0.884,0.9256907383293631,-0.06419228382612514
0.885,0.926340609658177,-0.06367367401122795
0.886,0.9269903303761855,-0.0631544573156155
0.887,0.9276399002013319,-0.06263463379994982
0.888,0.9282893188515994,-0.06211420352474366
0.889,0.9289385860450148,-0.06159316655035901
0.89,0.9295877014996451,-0.0610715229370086
0.891,0.9302366649335999,-0.06054927274475588
0.892,0.9308854760650287,-0.060026416033515204
0.893,0.9315341346121222,-0.059502952863052384
0.894,0.9321826402931109,-0.05897888329298491
0.895,0.9328309928262661,-0.058454207382782085
0.896,0.9334791919298975,-0.0579289251917658
0.897,0.9341272373223551,-0.05740303677911028
0.898,0.934775128722028,-0.05687654220384296
0.899,0.9354228658473434,-0.056349441524844335
0.9,0.9360704484167673,-0.05582173480084857
0.901,0.9367178761488032,-0.055293422090443606
0.902,0.9373651487619931,-0.05476450345207167
0.903,0.9380122659749158,-0.05423497894402947
0.904,0.9386592275061877,-0.05370484862446849
0.905,0.9393060330744615,-0.05317411255139542
0.906,0.9399526823984271,-0.052642770782672085
0.907,0.9405991751968097,-0.052110823376016635
0.908,0.9412455111883705,-0.051578270389002756
0.909,0.9418916900919072,-0.051045111879060724
0.91,0.9425377116262517,-0.05051134790347717
0.911,0.9431835755102711,-0.04997697851939614
0.912,0.9438292814628672,-0.04944200378381869
0.913,0.944474829202976,-0.04890642375360362
0.914,0.9451202184495675,-0.0483702384854671
0.915,0.9457654489216456,-0.047833448035984154
0.916,0.946410520338247,-0.04729605246158797
0.917,0.9470554324184424,-0.04675805181857041
0.918,0.9477001848813341,-0.04621944616308251
0.919,0.9483447774460577,-0.045680235551134825
0.92,0.9489892098317806,-0.04514042003859731
0.921,0.949633481757702,-0.04459999968120017
0.922,0.9502775929430525,-0.04405897453453364
0.923,0.9509215431070949,-0.04351734465404863
0.924,0.9515653319691214,-0.04297511009505692
0.925,0.9522089592484559,-0.04243227091273139
0.926,0.9528524246644516,-0.04188882716210659
0.927,0.9534957279364927,-0.041344778898078444
0.928,0.9541388687839936,-0.04080012617540504
0.929,0.9547818469263959,-0.040254869048707016
0.93,0.9554246620831724,-0.0397090075724672
0.931,0.9560673139738237,-0.039162541801031805
0.932,0.956709802317879,-0.03861547178860981
0.9329999999999999,0.9573521268348961,-0.03806779758927396
0.9339999999999999,0.9579942872444603,-0.037519519256960655
0.9349999999999999,0.9586362832661844,-0.036970636845470334
0.9359999999999999,0.959278114619709,-0.036421150408467766
0.9369999999999999,0.9599197810247011,-0.03587105999948255
0.938,0.9605612822008549,-0.035320365671908764
0.939,0.9612026178678905,-0.03476906747900622
0.94,0.9618437877455549,-0.03421716547389982
0.941,0.9624847915536203,-0.033664659709580436
0.942,0.963125629011884,-0.03311155023890472
0.943,0.9637662998401696,-0.03255783711459604
0.944,0.9644068037583247,-0.03200352038924411
0.945,0.9650471404862223,-0.03144860011530553
0.946,0.9656873097437594,-0.03089307634510404
0.947,0.9663273112508561,-0.0303369491308312
0.948,0.9669671447274586,-0.02978021852454566
0.949,0.9676068098935336,-0.02922288457817464
0.95,0.968246306469074,-0.028664947343513256
0.951,0.9688856341740927,-0.028106406872225584
0.952,0.9695247927286272,-0.027547263215843994
0.953,0.9701637818527366,-0.026987516425770398
0.954,0.9708026012665022,-0.026427166553275833
0.955,0.9714412506900266,-0.02586621364950107
0.956,0.9720797298434342,-0.02530465776545693
0.957,0.9727180384468707,-0.024742498952024305
0.958,0.9733561762205017,-0.02417973725995454
0.959,0.973994142884515,-0.023616372739869603
0.96,0.9746319381591172,-0.023052405442262777
0.961,0.9752695617645357,-0.022487835417498346
0.962,0.9759070134210173,-0.02192266271581226
0.963,0.9765442928488283,-0.021356887387312284
0.964,0.9771813997682536,-0.020790509481978355
0.965,0.9778183338995986,-0.02022352904966244
0.966,0.9784550949631853,-0.01965594614008945
0.967,0.9790916826793554,-0.019087760802856985
0.968,0.9797280967684674,-0.018518973087436004
0.969,0.980364336950899,-0.01794958304317053
0.97,0.9810004029470435,-0.017379590719278633
0.971,0.9816362944773136,-0.016808996164851955
0.972,0.9822720112621367,-0.016237799428856673
0.973,0.9829075530219582,-0.015666000560133276
0.974,0.9835429194772393,-0.015093599607396953
0.975,0.984178110348457,-0.014520596619237821
0.976,0.9848131253561052,-0.01394699164412123
0.977,0.9854479642206915,-0.013372784730388373
0.978,0.9860826266627404,-0.012797975926255797
0.979,0.9867171124027903,-0.012222565279816182
0.98,0.9873514211613943,-0.01164655283903861
0.981,0.9879855526591207,-0.011069938651768464
0.982,0.9886195066165506,-0.010492722765728215
0.983,0.9892532827542799,-0.009914905228517144
0.984,0.989886880792918,-0.009336486087611832
0.985,0.990520300453087,-0.008757465390366396
0.986,0.9911535414554224,-0.008177843184013128
0.987,0.9917866035205725,-0.007597619515661997
0.988,0.9924194863691976,-0.00701679443230123
0.989,0.9930521897219706,-0.006435367980797956
0.99,0.9936847132995762,-0.005853340207897902
0.991,0.9943170568227104,-0.00527071116022583
0.992,0.9949492200120812,-0.004687480884286023
0.993,0.9955812025884068,-0.004103649426462197
0.994,0.9962130042724171,-0.003519216833017808
0.995,0.996844624784852,-0.0029341831500965723
0.996,0.9974760638464617,-0.00234854842372247
0.997,0.9981073211780066,-0.0017623126997998863
0.998,0.9987383965002571,-0.0011754760241140339
0.999,0.9993692895339917,-0.0005880384423316689
